t,cmd_v,cmd_w,slew_v,slew_w,cmd_left_rpm,cmd_right_rpm,fb_left_rpm,fb_right_rpm,left_counts,right_counts,x,y,theta_deg,odom_v,odom_w,odom_v_raw,odom_w_raw,axis1_state,axis2_state
1.3410000065050554e-05,0.0,0.0,0.0,0.0,0.0,0.0,-0.0,0.0,1,-1,0.0,0.0,0.0,0.0,0.0,0.0,0.0,operation_enabled,operation_enabled
0.02013952600009361,0.0,0.0,0.0,0.0,0.0,0.0,-0.0,0.0,0,2,6.327670746374312e-06,1.862298493193748e-10,0.0033725472383720934,0.00012178643895769494,0.0011328971065832087,0.0003144009877523955,0.0029246603511850744,operation_enabled,operation_enabled
0.040231556000208,0.0,0.0,0.0,0.0,0.0,0.0,-0.0,0.0,0,0,2.74046668062404e-15,-9.311492465968742e-11,0.0016862736191860467,-4.7206192222806555e-05,0.00012769304130491512,-0.0003149343670098166,-0.001464811009347984,operation_enabled,operation_enabled
0.06040813900017383,0.0,0.0,0.0,0.0,0.0,0.0,-0.0,0.0,-1,0,-3.163835370104131e-06,-2.095085804842967e-10,0.00252941042877907,-8.972645707474799e-05,0.00036110336499459487,-0.00015680729363438267,0.0007293362494622449,operation_enabled,operation_enabled
0.08054731900006118,0.0,0.0,0.0,0.0,0.0,0.0,-0.0,0.0,0,0,2.740467104140514e-15,-9.311492465968744e-11,0.0016862736191860465,5.921734511982825e-06,-6.198240945913037e-05,0.00015709852014986873,-0.0007306907913947382,operation_enabled,operation_enabled
0.10069166700009191,0.0,0.0,0.0,0.0,0.0,0.0,-0.0,0.0,0,0,2.740467104140514e-15,-9.311492465968744e-11,0.0016862736191860465,3.6266174712031114e-06,-3.795956887241134e-05,0.0,0.0,operation_enabled,operation_enabled
0.12083907300007013,0.0,0.0,0.0,0.0,0.0,0.0,-0.0,0.0,0,-1,-3.163835371474365e-06,-1.62951118154453e-10,0.0008431368095930232,-5.864737797208627e-05,-0.0003063542861185489,-0.00015703437827269457,-0.0007303924570823002,operation_enabled,operation_enabled
0.14098357500006387,0.0,0.0,0.0,0.0,0.0,0.0,-0.0,0.0,0,-2,-6.327670746374314e-06,-1.8622984931937484e-10,-1.9412565194479472e-19,-9.678868512619888e-05,-0.00047074251489876426,-0.0001570570161037051,-0.0007304977493195585,operation_enabled,operation_enabled
0.16111991800016767,0.0,0.0,0.0,0.0,0.0,0.0,-0.0,0.0,-1,0,-3.1638353723878548e-06,-1.163936558246093e-10,0.00252941042877907,1.5963074837715746e-06,0.0005611667864080717,0.00015712065368561834,0.0021923812142179305,operation_enabled,operation_enabled
0.18126338199999736,0.0,0.0,0.0,0.0,0.0,0.0,-0.0,0.0,2,-1,3.1638353760418092e-06,-2.3278731164921907e-11,-0.0008431368095930236,0.00012272342418361508,-0.0007888406290421148,0.0003141302186198843,-0.0029221415685570635,operation_enabled,operation_enabled
0.2014376860001903,0.0,0.0,0.0,0.0,0.0,0.0,-0.0,0.0,0,0,1.3702324932790728e-15,-4.6557462329843756e-11,0.0016862736191860467,1.4278787907787599e-05,0.0003660581851033243,-0.00015682500744431524,0.0021882559178276547,operation_enabled,operation_enabled
0.22159570200005874,0.0,0.0,0.0,0.0,0.0,0.0,-0.0,0.0,0,0,1.3702324932790728e-15,-4.6557462329843756e-11,0.0016862736191860467,8.742385793197297e-06,0.00022412419720762853,0.0,0.0,operation_enabled,operation_enabled
0.24175660800005971,0.0,0.0,0.0,0.0,0.0,0.0,-0.0,0.0,0,0,1.3702324932790728e-15,-4.6557462329843756e-11,0.0016862736191860467,5.352349336820774e-06,0.00013721551835691985,0.0,0.0,operation_enabled,operation_enabled
0.2619038690002071,0.0,0.0,0.0,0.0,0.0,0.0,-0.0,0.0,0,-1,-3.1638353728445995e-06,-1.1639365582460932e-10,0.0008431368095930233,-5.759071969836498e-05,-0.00019907957357198937,-0.00015703550844906348,-0.0007303977137165743,operation_enabled,operation_enabled
0.2820481590001691,0.0,0.0,0.0,0.0,0.0,0.0,-0.0,0.0,-2,0,-6.327670745460825e-06,-2.3278731164921856e-10,0.0033725472383720934,-9.614195538903192e-05,0.0007274543106078181,-0.00015705866898362296,0.0021915163113993903,operation_enabled,operation_enabled
0.30225607500005935,0.0,0.0,0.0,0.0,0.0,0.0,-0.0,0.0,0,0,-1.8269797634929037e-15,4.655746232984366e-11,0.0016862736191860467,6.278720288713014e-05,-0.00012059125588831409,0.0003131283181334799,-0.0014564107820161853,operation_enabled,operation_enabled
0.3223746510000183,0.0,0.0,0.0,0.0,0.0,0.0,-0.0,0.0,-1,0,-3.1638353746715776e-06,-6.983619349476559e-11,0.00252941042877907,-2.2430537062147156e-05,0.00020937566192156843,-0.0001572594091659666,0.0007314391123998446,operation_enabled,operation_enabled
0.3424731170000541,0.0,0.0,0.0,0.0,0.0,0.0,-0.0,0.0,0,1,3.163835369190641e-06,2.0950857702447455e-10,0.00252941042877907,0.00010810212857710708,0.00012834015609375677,0.0003148335176434354,0.0,operation_enabled,operation_enabled
0.36258216200008064,0.0,0.0,0.0,0.0,0.0,0.0,-0.0,0.0,1,0,3.163835369190641e-06,2.0950857702447455e-10,0.0008431368095930232,6.624943005699338e-05,-0.00048798260090911,0.0,-0.0014635715790719407,operation_enabled,operation_enabled
0.3827379110000493,0.0,0.0,0.0,0.0,0.0,0.0,-0.0,0.0,0,0,-5.024191173231933e-15,1.39672383529709e-10,0.0016862736191860465,-2.0294609148998027e-05,-1.5724303558868147e-05,-0.0001569693775715831,0.0007300901282399214,operation_enabled,operation_enabled
0.40285472800019306,0.0,0.0,0.0,0.0,0.0,0.0,-0.0,0.0,0,0,-5.024191173231933e-15,1.39672383529709e-10,0.0016862736191860465,-1.2435510319339972e-05,-9.635058144511897e-06,0.0,0.0,operation_enabled,operation_enabled
0.42297721300019475,0.0,0.0,0.0,0.0,0.0,0.0,-0.0,0.0,0,0,-5.024191173231933e-15,1.39672383529709e-10,0.0016862736191860465,-7.619020632695534e-06,-5.903232349547323e-06,0.0,0.0,operation_enabled,operation_enabled
0.44329734500001905,0.0,0.0,0.0,0.0,0.0,0.0,-0.0,0.0,0,0,-5.024191173231933e-15,1.39672383529709e-10,0.0016862736191860465,-4.650349909410668e-06,-3.6031003649133365e-06,0.0,0.0,operation_enabled,operation_enabled
0.4634610350001367,0.0,0.0,0.0,0.0,0.0,0.0,-0.0,0.0,0,0,-5.024191173231933e-15,1.39672383529709e-10,0.0016862736191860465,-2.8469304738672284e-06,-2.2058073970983966e-06,0.0,0.0,operation_enabled,operation_enabled
0.4836290900000222,0.0,0.0,0.0,0.0,0.0,0.0,-0.0,0.0,0,1,3.163835367820407e-06,2.5606603935431824e-10,0.00252941042877907,5.9101370903361974e-05,0.00028164557120553,0.00015687359911662765,0.0007296446470540821,operation_enabled,operation_enabled
0.5037961510001878,0.0,0.0,0.0,0.0,0.0,0.0,-0.0,0.0,0,0,-5.024191173231933e-15,1.3967238352970897e-10,0.0016862736191860465,-2.466593112371657e-05,-0.0001105898479439855,-0.00015688133114627614,-0.0007296806099826797,operation_enabled,operation_enabled
0.5239883960000498,0.0,0.0,0.0,0.0,0.0,0.0,-0.0,0.0,0,0,-5.024191173231933e-15,1.3967238352970897e-10,0.0016862736191860465,-1.5092121697438058e-05,-6.76656168096976e-05,0.0,0.0,operation_enabled,operation_enabled
0.5442070100000365,0.0,0.0,0.0,0.0,0.0,0.0,-0.0,0.0,0,0,-5.024191173231933e-15,1.3967238352970897e-10,0.0016862736191860465,-9.22960272147849e-06,-4.1380978339402154e-05,0.0,0.0,operation_enabled,operation_enabled
0.564371125000207,0.0,0.0,0.0,0.0,0.0,0.0,-0.0,0.0,-1,0,-3.1638353778687894e-06,2.327872770509972e-11,0.00252941042877907,-6.649900689802924e-05,0.00025768418541702683,-0.00015690425168609544,0.0007297872171446299,operation_enabled,operation_enabled
0.5847619390001455,0.0,0.0,0.0,0.0,0.0,0.0,-0.0,0.0,0,0,-5.024191173231933e-15,1.3967238352970897e-10,0.0016862736191860465,2.00511317267736e-05,-0.0001247212978574684,0.00015515983692576874,-0.0007216736601198545,operation_enabled,operation_enabled
0.6049051340000915,0.0,0.0,0.0,0.0,0.0,0.0,-0.0,0.0,1,0,3.163835369190641e-06,2.0950857702447452e-10,0.0008431368095930232,7.315329373358636e-05,-0.0003595153263386935,0.00015706720681712204,-0.0007305451479866142,operation_enabled,operation_enabled
0.6250344520001363,0.0,0.0,0.0,0.0,0.0,0.0,-0.0,0.0,0,1,3.163835369190641e-06,2.0950857702447452e-10,0.00252941042877907,4.481385526322286e-05,0.00034617383256779863,0.0,0.0014620975605955469,operation_enabled,operation_enabled
0.6451708870001767,0.0,0.0,0.0,0.0,0.0,0.0,-0.0,0.0,0,-1,-3.163835377868789e-06,2.3278727705099732e-11,0.0008431368095930232,-9.431295784811133e-05,-0.00035429833033603204,-0.0003142398716563079,-0.001461580798401432,operation_enabled,operation_enabled
0.665287109000019,0.0,0.0,0.0,0.0,0.0,0.0,-0.0,0.0,0,0,-3.653956985886966e-15,9.311492119986529e-11,0.0016862736191860465,3.113943660499428e-06,6.61796314144333e-05,0.00015727781166060588,0.0007315247053981669,operation_enabled,operation_enabled
0.6853880070000287,0.0,0.0,0.0,0.0,0.0,0.0,-0.0,0.0,0,0,-3.653956985886966e-15,9.311492119986529e-11,0.0016862736191860465,1.908652114720847e-06,4.056396236479934e-05,0.0,0.0,operation_enabled,operation_enabled
0.7054967250001027,0.0,0.0,0.0,0.0,0.0,0.0,-0.0,0.0,0,0,-3.653956985886966e-15,9.311492119986529e-11,0.0016862736191860465,1.1697078727537445e-06,2.4859420824906047e-05,0.0,0.0,operation_enabled,operation_enabled
0.7255907410001328,0.0,0.0,0.0,0.0,0.0,0.0,-0.0,0.0,-1,0,-3.1638353764985552e-06,-2.3278734624743967e-11,0.00252941042877907,-6.021381105320501e-05,0.0002986386506357321,-0.0001574516201743548,0.0007323331170900223,operation_enabled,operation_enabled
0.7456854620002105,0.0,0.0,0.0,0.0,0.0,0.0,-0.0,0.0,-1,0,-3.1638353764985552e-06,-2.3278734624743967e-11,0.00252941042877907,-3.691167917371179e-05,0.00018306853308780238,0.0,0.0,operation_enabled,operation_enabled
0.7658316330000616,0.0,0.0,0.0,0.0,0.0,0.0,-0.0,0.0,0,0,-3.653956985886966e-15,9.311492119986529e-11,0.0016862736191860465,3.826488692261818e-05,-0.00017100320687666343,0.00015704400479066267,-0.0007304372315844774,operation_enabled,operation_enabled
0.7859468810001999,0.0,0.0,0.0,0.0,0.0,0.0,-0.0,0.0,0,0,-3.653956985886966e-15,9.311492119986529e-11,0.0016862736191860465,2.3447496092204593e-05,-0.00010478528351863407,0.0,0.0,operation_enabled,operation_enabled
0.8060569060000944,0.0,0.0,0.0,0.0,0.0,0.0,-0.0,0.0,0,-1,-3.163835377868789e-06,2.3278727705099732e-11,0.0008431368095930232,-4.654276505923218e-05,-0.00034752753713807933,-0.00015732627756707122,-0.0007317501282189359,operation_enabled,operation_enabled
0.8261538270000983,0.0,0.0,0.0,0.0,0.0,0.0,-0.0,0.0,-1,-1,-6.327670752083621e-06,-4.655746578966582e-11,0.0016862736191860465,-8.945743500982274e-05,7.035461892827534e-05,-0.00015742886062066505,0.0007322272587007677,operation_enabled,operation_enabled
0.8462574950001454,0.0,0.0,0.0,0.0,0.0,0.0,-0.0,0.0,-1,0,-3.1638353792390228e-06,6.983619003494343e-11,0.00252941042877907,6.090668543572435e-06,0.00032646736400100847,0.0001573760258579048,0.0007319815156181618,operation_enabled,operation_enabled
0.8663515110001754,0.0,0.0,0.0,0.0,0.0,0.0,-0.0,0.0,0,1,3.1638353646231957e-06,3.4918096055418357e-10,0.00252941042877907,0.00012559541976053953,0.00020013053487729677,0.0003149032403487096,0.0,operation_enabled,operation_enabled
0.8864428450001469,0.0,0.0,0.0,0.0,0.0,0.0,-0.0,0.0,0,0,-8.221402582970962e-15,2.327873047295743e-10,0.0016862736191860465,1.606228226796208e-05,-0.0001607239463386416,-0.00015747263845290797,-0.0007324308765251533,operation_enabled,operation_enabled
0.9065386550000767,0.0,0.0,0.0,0.0,0.0,0.0,-0.0,0.0,0,0,-8.221402582970962e-15,2.327873047295743e-10,0.0016862736191860465,9.846136054234268e-06,-9.852334907475735e-05,0.0,0.0,operation_enabled,operation_enabled
0.9266428460000498,0.0,0.0,0.0,0.0,0.0,0.0,-0.0,0.0,0,0,-8.221402582970962e-15,2.327873047295743e-10,0.0016862736191860465,6.034681057819881e-06,-6.038480325068518e-05,0.0,0.0,operation_enabled,operation_enabled
0.9467471110001497,0.0,0.0,0.0,0.0,0.0,0.0,-0.0,0.0,1,0,3.1638353659934294e-06,3.026234982243399e-10,0.0008431368095930232,6.461748052169093e-05,-0.00032035313583670587,0.00015737135254625825,-0.0007319597792849221,operation_enabled,operation_enabled
0.966849400000001,0.0,0.0,0.0,0.0,0.0,0.0,-0.0,0.0,0,1,3.1638353659934294e-06,3.026234982243399e-10,0.00252941042877907,3.960540103311825e-05,0.0003703573239691998,0.0,0.0014640634578746408,operation_enabled,operation_enabled
0.9869788290000088,0.0,0.0,0.0,0.0,0.0,0.0,-0.0,0.0,0,1,3.1638353659934294e-06,3.026234982243399e-10,0.00252941042877907,2.426229671151484e-05,0.00022688115885783976,0.0,0.0,operation_enabled,operation_enabled
1.0071440260001054,0.4,0.0,0.016132157600077336,0.0,1.8672819089380326,1.8672819089380326,-0.0,0.0,1,1,6.327670738838027e-06,4.1901715404894915e-10,0.0016862736191860465,7.570032721968516e-05,-0.00014411945218088275,0.00015689583270617037,-0.0007297480590984668,operation_enabled,operation_enabled
1.0273537600000964,0.4,0.0,0.03229994480007008,0.0,3.738687910201101,3.738687910201101,0.1,0.1,-1,0,-3.1638353796957704e-06,6.98361865751213e-11,0.00252941042877907,-0.0001360836190311697,0.0001946177574122873,-0.0004696502252353577,0.0007281398840858259,operation_enabled,operation_enabled
1.0474684450000495,0.4,0.0,0.04839169280003261,0.0,5.6012924463343055,5.6012924463343055,0.6,0.6,11,10,6.644054283795795e-05,2.118364529088244e-09,0.0008431368095930236,0.0012565570446033542,-0.0004473163885392805,0.00346037625001202,-0.001463161205079078,operation_enabled,operation_enabled
1.0675635980001061,0.4,0.0,0.06446781520007788,0.0,7.462088334128888,7.462088334128888,1.5,1.5,41,44,0.00026892600661231725,1.1057397296418237e-08,0.004215684047965116,0.004669765737031534,0.0008593654222208535,0.010076333531789201,0.0029291667243573254,operation_enabled,operation_enabled
1.0877918330002103,0.4,0.0,0.08065040320016123,0.0,9.335207513934598,9.335207513934598,2.65,2.65,103,104,0.0006549139216814369,3.377743891338192e-08,0.0025294104287790662,0.010269672473330067,-3.988871954363558e-05,0.019081640872262787,-0.001454947836238111,operation_enabled,operation_enabled
1.107911237000053,0.4,0.0,0.09674592640003538,0.0,11.198249025869327,11.198249025869327,4.0,4.0,201,204,0.0012813533248264017,7.065094907861823e-08,0.004215684047965108,0.01835083786318613,0.0005420811652662008,0.031136081578644028,0.0014628180210779398,operation_enabled,operation_enabled
1.1284709820001808,0.4,0.0,0.11319372240013761,0.0,13.102065779602691,13.102065779602691,4.75,4.75,265,266,0.0016799965813731974,9.411591009285941e-08,0.0025294104287790584,0.018758442582018326,-0.0002324084146474013,0.019389503967549352,-0.0014314879267293755,operation_enabled,operation_enabled
1.1485804400001598,0.4,0.0,0.1292812888001208,0.0,14.964186299512807,14.964186299512807,6.3,6.3,433,436,0.002749372936236824,1.570615991628088e-07,0.004215684047965087,0.0320843627188318,0.00042420191926252594,0.0531777811592881,0.0014635415208280587,operation_enabled,operation_enabled
1.16869548700015,0.4,0.0,0.14537332640011297,0.0,16.826824356574186,16.826824356574186,8.0,8.0,641,649,0.00408134762070511,3.0406678445945415e-07,0.008431368095930186,0.04530185315200201,0.001676361483376414,0.06621782652964213,0.0036578371833199943,operation_enabled,operation_enabled
1.1888392220000696,0.4,0.0,0.16148831440004865,0.0,18.69211890061516,18.69211890061516,9.75,9.75,901,913,0.005739197331125091,5.968201013356257e-07,0.011803915334302272,0.05964153905551316,0.0021591706309096875,0.08230101004178335,0.0029221022560547896,operation_enabled,operation_enabled
1.208994076000181,0.4,0.0,0.1776121976001377,0.0,20.558443055619186,20.558443055619186,11.6,11.6,1227,1239,0.007802017951858075,1.0217966093507163e-06,0.011803915334302272,0.07619901142006147,0.0013220625523376471,0.1023485788831725,0.0,operation_enabled,operation_enabled
1.2290429890001633,0.4,0.0,0.19365132800012358,0.0,22.414957154567,22.414957154567,13.45,13.45,1594,1612,0.0101432560553485,1.6074894707404427e-06,0.016862736191860413,0.09188005169745976,0.0025130278628565234,0.11677631488113702,0.004403883653594108,operation_enabled,operation_enabled
1.2491659050001545,0.4,0.0,0.2097496608001165,0.0,24.27832387504501,24.27832387504501,15.35,15.35,2024,2041,0.012860990530569617,2.3873502229923176e-06,0.01601959938226737,0.10860333806325687,0.0012564339178660186,0.13505669790294486,-0.0007312813596282753,operation_enabled,operation_enabled
1.2692778279999857,0.4,0.0,0.2258391991999815,0.0,26.140672652067103,26.140672652067103,16.3,16.3,2255,2278,0.014341665408001676,2.866705842107483e-06,0.021078420239825483,0.09505871772473132,0.002469761705220154,0.07362174942291898,0.004390086429512141,operation_enabled,operation_enabled
1.2893869690001338,0.4,0.0,0.2419265120001,0.0,28.00276381803393,28.00276381803393,18.3,18.3,2767,2795,0.017597251741584285,4.184165578349798e-06,0.025294104287790584,0.12093538481703325,0.0029301529416183273,0.16189585626086958,0.0036589114801199845,operation_enabled,operation_enabled
1.3095612619999883,0.4,0.0,0.25806594639998365,0.0,29.8708880096331,29.8708880096331,20.25,20.25,3340,3372,0.021235662018928424,5.897480109737214e-06,0.028666651526162754,0.1439835206336273,0.0029253128468793915,0.1803488568988511,0.002917676148009793,operation_enabled,operation_enabled
1.3299691550000716,0.4,0.0,0.27439226080005025,0.0,31.760643383628,31.760643383628,22.25,22.25,3977,4018,0.02529486215065232,8.197209087126273e-06,0.03625488281249997,0.16543881348355446,0.004317765107052539,0.19890347259888963,0.0064896273392303925,operation_enabled,operation_enabled
1.350094191000153,0.4,0.0,0.2904922896001153,0.0,33.624206414502346,33.624206414502346,24.35,24.35,4709,4757,0.02994886289567517,1.1381809060765281e-05,0.042156840479651105,0.1909322912699189,0.004627900755499712,0.23125433597370912,0.00511843027782383,operation_enabled,operation_enabled
1.3701974030000201,0.4,0.0,0.30657485920000904,0.0,35.48574855955146,35.48574855955146,26.35,26.35,5469,5523,0.03477687420799003,1.5147283068045662e-05,0.04721566133720913,0.20998833606257322,0.004536581553264039,0.24016126290184195,0.0043919887147155345,operation_enabled,operation_enabled
1.3903517620001367,0.4,0.0,0.32269834640010225,0.0,37.35202687793236,37.35202687793236,27.35,27.35,5871,5928,0.037330088441423895,1.730766543128334e-05,0.0497450717659882,0.177691443955066,0.0036269915378557365,0.12668302413495983,0.0021904214426378475,operation_enabled,operation_enabled
1.4104689130001589,0.4,0.0,0.33879206720012,0.0,39.21485976379685,39.21485976379685,29.4,29.4,6719,6789,0.0427370805774269,2.25192836071261e-05,0.060705850290697465,0.2129641035710429,0.005904973738267377,0.2687753676399401,0.009509382011292368,operation_enabled,operation_enabled
1.430564939000078,0.4,0.0,0.3548688880000554,0.0,41.0757364907149,41.0757364907149,31.4,31.4,7616,7691,0.04842881699538177,2.8759169452008262e-05,0.06492153433866263,0.24015626332866724,0.005036660024419129,0.2832271335473645,0.003661299346502155,operation_enabled,operation_enabled
1.4506680200001938,0.4,0.0,0.37095135280014796,0.0,42.93726650528664,42.93726650528664,33.4,33.4,8561,8648,0.05444642738233875,3.6109007874439845e-05,0.07503917605377891,0.26306481021581285,0.006487225646916291,0.29933794144500786,0.008784034669356849,operation_enabled,operation_enabled
1.470764976000055,0.4,0.0,0.3870289176000369,0.0,44.79822934949215,44.79822934949215,35.45,35.45,9586,9682,0.06096075824858003,4.50720846276496e-05,0.08262740734011613,0.2867040112309807,0.006527014087944932,0.32414545950138457,0.006590033851412319,operation_enabled,operation_enabled
1.490882744000146,0.4,0.0,0.4,0.0,46.29961980855137,46.29961980855137,37.4,37.4,10637,10745,0.06764909839006367,5.530801793206354e-05,0.09274504905523241,0.3044234574710519,0.007398588467363389,0.33245974318570637,0.008777621874608873,operation_enabled,operation_enabled
1.5110338470001352,0.4,0.0,0.4,0.0,46.29961980855137,46.29961980855137,38.4,38.4,11197,11311,0.0712115720959041,6.123189351978058e-05,0.09780386991279054,0.25494507492098806,0.006229019561330056,0.1767882697174353,0.004381550738587353,operation_enabled,operation_enabled
1.5311616120000053,0.4,0.0,0.4,0.0,46.29961980855137,46.29961980855137,40.3,40.3,12370,12496,0.0786718838779037,7.462535067964874e-05,0.10792151162790684,0.2997661896750081,0.007214607455375954,0.37064839610018646,0.008773262230905656,operation_enabled,operation_enabled
1.5512971180000932,0.4,0.0,0.4,0.0,46.29961980855137,46.29961980855137,41.75,41.75,13584,13720,0.08638529974213109,8.972178423506926e-05,0.116352879723837,0.3320463491465256,0.007250887793879219,0.3830760768689305,0.00730824115971782,operation_enabled,operation_enabled
1.571410109999988,0.4,0.0,0.4,0.0,46.29961980855137,46.29961980855137,42.85,42.85,14830,14980,0.0943138531289584,0.00010663935625169551,0.12815679505813948,0.3561131586387362,0.008409446269827568,0.39420149174359004,0.010242990561091214,operation_enabled,operation_enabled
1.5915153920000193,0.4,0.0,0.4,0.0,46.29961980855137,46.29961980855137,43.7,43.7,16099,16263,0.1023879388908423,0.00012553086713048753,0.13996071039244173,0.37371843502448915,0.00912075838468186,0.4015913766851654,0.01024691855652162,operation_enabled,operation_enabled
1.611648144000128,0.4,0.0,0.4,0.0,46.29961980855137,46.29961980855137,44.3,44.3,17393,17566,0.11060439349216004,0.00014614595414313023,0.14754894167877894,0.38704503334964063,0.008135718707917877,0.4081151185325961,0.0065783167819637445,operation_enabled,operation_enabled
1.6317598180000914,0.4,0.0,0.4,0.0,46.29961980855137,46.29961980855137,44.8,44.8,18713,18903,0.11901067341393441,0.00016884545928104604,0.16188226744186002,0.39902337689262096,0.009801802049727276,0.4179816454576512,0.012438732217275858,operation_enabled,operation_enabled
1.6518876650000038,0.4,0.0,0.4,0.0,46.29961980855137,46.29961980855137,45.0,45.0,19378,19575,0.12324070380356968,0.00018101479479420832,0.16778422510901128,0.32586096788453844,0.007987277585248408,0.21015898503264166,0.005117715451909035,operation_enabled,operation_enabled
1.6719758740000543,0.4,0.0,0.4,0.0,46.29961980855137,46.29961980855137,45.3,45.3,20703,20910,0.13165646797281244,0.00020627869787889937,0.1762155932049416,0.36187537017665944,0.007731207222797734,0.4189423804539494,0.007325448163209537,operation_enabled,operation_enabled
1.6920778190001329,0.4,0.0,0.4,0.0,46.29961980855137,46.29961980855137,45.55,45.55,22035,22257,0.14013233990997728,0.00023328214292230403,0.18886264534883695,0.38501128986715727,0.008988990938337266,0.42164651080429005,0.0109806638403159,operation_enabled,operation_enabled
1.7121748450001633,0.4,0.0,0.4,0.0,46.29961980855137,46.29961980855137,45.7,45.7,23361,23600,0.14857656708090766,0.00026217297019962953,0.2031959711119185,0.3986204123868674,0.01032760831540635,0.42017543371342414,0.012447798362122021,operation_enabled,operation_enabled
1.732309412000177,0.4,0.0,0.4,0.0,46.29961980855137,46.29961980855137,45.85,45.85,24712,24959,0.15715050521908877,0.0002930847299580393,0.20994106558866285,0.4091647904656018,0.008591500358403326,0.42583452955717754,0.005846865590762035,operation_enabled,operation_enabled
1.7524380130000736,0.4,0.0,0.4,0.0,46.29961980855137,46.29961980855137,45.95,45.95,26050,26311,0.16566116197263347,0.00032514598454026875,0.22174498092296488,0.41445356103362313,0.009228193310531874,0.4228171227017574,0.010235047493428637,operation_enabled,operation_enabled
1.772705144000156,0.4,0.0,0.4,0.0,46.29961980855137,46.29961980855137,46.05,46.05,27421,27695,0.17437745987289946,0.0003597135289105832,0.2327057594476743,0.42053020728426216,0.009310205313090179,0.43007401778419035,0.009439011068576402,operation_enabled,operation_enabled
1.7928145120001773,0.4,0.0,0.4,0.0,46.29961980855137,46.29961980855137,46.1,46.1,28097,28381,0.17868656680942235,0.00037753204299590754,0.24113712754360453,0.3406799100846097,0.008538797227283922,0.21428539080714484,0.007317740354715942,operation_enabled,operation_enabled
1.8129277330001514,0.4,0.0,0.4,0.0,46.29961980855137,46.29961980855137,46.15,46.15,29451,29745,0.18728579250680033,0.0004143559961184939,0.24956849563953484,0.3743147317585165,0.008065451263116022,0.42754487455288603,0.0073163385278657385,operation_enabled,operation_enabled
1.833039521000046,0.4,0.0,0.4,0.0,46.29961980855137,46.29961980855137,46.15,46.15,30802,31114,0.19589133802494108,0.0004529799366152712,0.2647449582122093,0.39505859182576325,0.01004202243346556,0.4278899628458455,0.013170347693613584,operation_enabled,operation_enabled
1.8531649100000323,0.4,0.0,0.4,0.0,46.29961980855137,46.29961980855137,46.2,46.2,32166,32492,0.204566477822137,0.0004939588239600665,0.2765488735465118,0.4090035355116066,0.010117423752220288,0.4310593250294303,0.010236681000817779,operation_enabled,operation_enabled
1.873318516000154,0.4,0.0,0.4,0.0,46.29961980855137,46.29961980855137,46.25,46.25,33508,33849,0.21310556541287193,0.0005361171093239427,0.28919592569040714,0.41470321581073866,0.010441175984345439,0.42370539927750767,0.010952516417213298,operation_enabled,operation_enabled
1.8934211940002115,0.4,0.0,0.4,0.0,46.29961980855137,46.29961980855137,46.25,46.25,34853,35205,0.22165097237795384,0.0005799413861062445,0.29847043059593037,0.4187251566533942,0.009516439589083188,0.42509357946681225,0.008052193199994659,operation_enabled,operation_enabled
1.9135314530001324,0.4,0.0,0.4,0.0,46.29961980855137,46.29961980855137,46.25,46.25,36204,36569,0.23024066453925812,0.0006255096371875912,0.30943120912063976,0.4219815607799206,0.009514968868624954,0.42713587344634185,0.009512640977861982,operation_enabled,operation_enabled
1.9336840990001747,0.4,0.0,0.4,0.0,46.29961980855137,46.29961980855137,46.25,46.25,36878,37252,0.23453392498492445,0.0006489803239571927,0.3170194404069768,0.3409806757906909,0.008373990955157236,0.21304024314649161,0.006571822893586729,operation_enabled,operation_enabled
1.9538273030000255,0.4,0.0,0.4,0.0,46.29961980855137,46.29961980855137,46.25,46.25,38223,38607,0.24307614622955348,0.0006968737339200603,0.32545080850290714,0.37318727902500776,0.00795986476489297,0.42408126892829134,0.007305448215819042,operation_enabled,operation_enabled
1.9739290930001516,0.4,0.0,0.4,0.0,46.29961980855137,46.29961980855137,46.3,46.3,39582,39980,0.2517195999150615,0.0007468610845077164,0.33725472383720934,0.39517466273978086,0.008845811145981562,0.4299914706344252,0.010248698608876566,operation_enabled,operation_enabled
1.994024232000129,0.4,0.0,0.4,0.0,46.29961980855137,46.29961980855137,46.3,46.3,40929,41346,0.260302929415186,0.0007985848775522742,0.3532743232194769,0.4075459991912442,0.010807000131099915,0.4271423737065493,0.013913551634120782,operation_enabled,operation_enabled
2.0141217630000483,0.4,0.0,0.4,0.0,46.29961980855137,46.29961980855137,46.3,46.3,42278,42707,0.2688767555906483,0.000852207084509784,0.36339196493459314,0.4149277908630806,0.010025004803994559,0.4266192631484282,0.008786460409819173,operation_enabled,operation_enabled
2.034228346000191,0.4,0.0,0.4,0.0,46.29961980855137,46.29961980855137,46.3,46.3,43643,44083,0.27754864944392343,0.000907910213585635,0.3726664698401163,0.4212679543824314,0.009260665177833784,0.4313051483114887,0.008050629343265212,operation_enabled,operation_enabled
2.054343108000012,0.4,0.0,0.4,0.0,46.29961980855137,46.29961980855137,46.3,46.3,45016,45470,0.2862806444582514,0.0009656056626118901,0.3844703851744185,0.4262439339651463,0.009640698404096346,0.4341182677238104,0.01024208922840126,operation_enabled,operation_enabled
2.0744431480000003,0.4,0.0,0.4,0.0,46.29961980855137,46.29961980855137,46.3,46.3,45690,46151,0.2905675433855933,0.0009945931649482172,0.3903723428415696,0.34381685129045925,0.007892806395022062,0.21328300506599088,0.0051247954534004905,operation_enabled,operation_enabled
2.094559268000012,0.4,0.0,0.4,0.0,46.29961980855137,46.29961980855137,46.3,46.3,47038,47511,0.29913500552435085,0.0010537230928919698,0.4004899845566856,0.3756069778417694,0.008235722879895926,0.42591047356713807,0.008778340975585764,operation_enabled,operation_enabled
2.1147938420001537,0.4,0.0,0.4,0.0,46.29961980855137,46.29961980855137,46.3,46.3,48400,48888,0.3078005321652636,0.0011152514041457386,0.413137036700581,0.39607152005485463,0.009274535365621867,0.4282642714446534,0.010908690273431661,operation_enabled,operation_enabled
2.1349169310001344,0.4,0.0,0.4,0.0,46.29961980855137,46.29961980855137,46.3,46.3,49775,50278,0.31654830252893507,0.001179294694368538,0.4257840888444763,0.41104286396372564,0.009930891931837847,0.43472474886547063,0.0109691260910586,operation_enabled,operation_enabled
2.155019406000065,0.4,0.0,0.4,0.0,46.29961980855137,46.29961980855137,46.3,46.3,51132,51650,0.3251821637088696,0.001244409924966372,0.43843114098837166,0.41818908175521674,0.010337126993505507,0.42950466240815616,0.010980374336152343,operation_enabled,operation_enabled
2.1751337030000286,0.4,0.0,0.4,0.0,46.29961980855137,46.29961980855137,46.3,46.3,52478,53007,0.3337337550221344,0.0013105407182626473,0.44770564589389483,0.42088937735330556,0.00945055192068111,0.42516261038994513,0.00804754186010266,operation_enabled,operation_enabled
2.1952594260001206,0.4,0.0,0.4,0.0,46.29961980855137,46.29961980855137,46.3,46.3,53827,54371,0.3423169708802974,0.001378558153310973,0.46035269803779016,0.4230600757406039,0.010038224032283946,0.426493267962305,0.010967690481548066,operation_enabled,operation_enabled
2.2153904320000493,0.4,0.0,0.4,0.0,46.29961980855137,46.29961980855137,46.3,46.3,54505,55054,0.34662281056151845,0.0014133133168767432,0.46456838208575535,0.3420269089309025,0.007565224635211788,0.2138979018440258,0.0036549374065585815,operation_enabled,operation_enabled
2.235487891000048,0.4,0.0,0.4,0.0,46.29961980855137,46.29961980855137,46.3,46.3,55853,56416,0.3551965153646463,0.0014837157881408803,0.4763722974200573,0.3747666145282545,0.008604643253594791,0.4266207915283648,0.010250907202260283,operation_enabled,operation_enabled
2.2555899650001265,0.4,0.0,0.4,0.0,46.29961980855137,46.29961980855137,46.3,46.3,57204,57786,0.36380500375348224,0.0015564942202886092,0.49239189680232487,0.39547037785734857,0.010657739552311507,0.4282541222054905,0.013908751607914948,operation_enabled,operation_enabled
2.275690086000168,0.4,0.0,0.4,0.0,46.29961980855137,46.29961980855137,46.3,46.3,58545,59136,0.3723185654857413,0.0016302241859208802,0.4999801280886623,0.40634783746583536,0.009082917931131557,0.42357361899192214,0.006588996173165361,operation_enabled,operation_enabled
2.295841922000136,0.4,0.0,0.4,0.0,46.29961980855137,46.29961980855137,46.3,46.3,59884,60491,0.3808416046332575,0.0017056041100769043,0.5134703170421508,0.4127868396399632,0.010091149819067677,0.4229576153905551,0.011683710305845764,operation_enabled,operation_enabled
2.315989108000167,0.4,0.0,0.4,0.0,46.29961980855137,46.29961980855137,46.3,46.3,61261,61879,0.3895892517753776,0.0017847084660288467,0.5227448219476742,0.42108862358083116,0.009293937805190793,0.4342047972307693,0.008034404759726724,operation_enabled,operation_enabled
2.336098498000183,0.4,0.0,0.4,0.0,46.29961980855137,46.29961980855137,46.3,46.3,62632,63264,0.398308410906517,0.0018651591770301981,0.5345487372819768,0.42593446691268844,0.009662086204536098,0.4336049126070966,0.010244825288587158,operation_enabled,operation_enabled
2.3562613640001473,0.4,0.0,0.4,0.0,46.29961980855137,46.29961980855137,46.3,46.3,63321,63959,0.40268696669006254,0.001906204006681519,0.5396075581395348,0.34497660269959496,0.007613338906011464,0.21716893615358743,0.004378994545374027,operation_enabled,operation_enabled
2.376388752000139,0.4,0.0,0.4,0.0,46.29961980855137,46.29961980855137,46.3,46.3,64675,65329,0.41130486240994385,0.0019883837578148046,0.5530977470930232,0.3772102815996516,0.009195597497761795,0.4281870832689299,0.011697902080222177,operation_enabled,operation_enabled
2.396483275000037,0.4,0.0,0.4,0.0,46.29961980855137,46.29961980855137,46.3,46.3,66034,66701,0.4199448862004511,0.002072618256960054,0.5640585256177324,0.3976351882921095,0.009321172156889244,0.429989525464601,0.009520090317099515,operation_enabled,operation_enabled
2.4165894449999996,0.4,0.0,0.4,0.0,46.29961980855137,46.29961980855137,46.3,46.3,67379,68061,0.4285026368059558,0.00215781386199055,0.5767055777616278,0.4084801018497406,0.009962709535587514,0.425649175821606,0.010978356424062405,operation_enabled,operation_enabled
2.4366877120000936,0.4,0.0,0.4,0.0,46.29961980855137,46.29961980855137,46.3,46.3,68733,69427,0.43710782540813947,0.002245191404701607,0.5868232194767441,0.4161037441323375,0.009507339329658684,0.4281778234908615,0.00878613864892329,operation_enabled,operation_enabled
2.4567856510000183,0.4,0.0,0.4,0.0,46.29961980855137,46.29961980855137,46.3,46.3,70100,70807,0.44579841678079246,0.002335034880928811,0.5977839980014534,0.42242446214069723,0.009511648063716212,0.43243517532799636,0.00951847220945301,operation_enabled,operation_enabled
2.4768857920000755,0.4,0.0,0.4,0.0,46.29961980855137,46.29961980855137,46.3,46.3,71458,72180,0.4544383709031632,0.0024261350415306212,0.6104310501453488,0.4253060316224661,0.010080617650472036,0.4298693431622703,0.010981649361651422,operation_enabled,operation_enabled
2.497017688000142,0.4,0.0,0.4,0.0,46.29961980855137,46.29961980855137,46.3,46.3,72137,72865,0.4587535954005873,0.0024723018435601736,0.6154898710029068,0.34357951900700545,0.007874256961210269,0.21435991182872574,0.0043857309928812495,operation_enabled,operation_enabled
2.5171509750000496,0.4,0.0,0.4,0.0,46.29961980855137,46.29961980855137,46.3,46.3,73495,74237,0.4673903580007762,0.0025659740857163667,0.6272937863372091,0.3766769785571781,0.008788009945047566,0.4290044926011408,0.010232665297582308,operation_enabled,operation_enabled
2.5372774510001364,0.4,0.0,0.4,0.0,46.29961980855137,46.29961980855137,46.3,46.3,74852,75608,0.4760207738352519,0.0026613557195244303,0.6390977016715114,0.39688125030197813,0.009348959486691278,0.4288352766277291,0.010236128133376819,operation_enabled,operation_enabled
2.557402882000133,0.4,0.0,0.4,0.0,46.29961980855137,46.29961980855137,46.3,46.3,76208,76978,0.4846448425665255,0.002758444133874546,0.650901617005814,0.4091455483198936,0.009692812051403736,0.4285431319354067,0.010236659637761736,operation_enabled,operation_enabled
2.5775264530000186,0.4,0.0,0.4,0.0,46.29961980855137,46.29961980855137,46.3,46.3,77570,78353,0.4933036917475619,0.0028576444850110824,0.6618623955305233,0.41734401893808143,0.00962058898389102,0.43031216584089194,0.009506348244014645,operation_enabled,operation_enabled
2.5976484130001154,0.4,0.0,0.4,0.0,46.29961980855137,46.29961980855137,46.3,46.3,78943,79740,0.5020352843199773,0.0029594130677249226,0.6736663108648255,0.4237807273171006,0.009859883977333861,0.43396297552509816,0.0102384254421155,operation_enabled,operation_enabled
2.61776885900008,0.4,0.0,0.4,0.0,46.29961980855137,46.29961980855137,46.3,46.3,79638,80442,0.5064548541486101,0.003011607075749478,0.6795682685319768,0.3447303747891154,0.008024002634933526,0.21967097642381092,0.00511959792567694,operation_enabled,operation_enabled
2.6378798709999955,0.4,0.0,0.4,0.0,46.29961980855137,46.29961980855137,46.3,46.3,81030,81847,0.515303469167061,0.003117409296439533,0.6905290470566862,0.3816248112178928,0.008600238825362816,0.4400200021735168,0.00951228480391077,operation_enabled,operation_enabled
2.658056724000062,0.4,0.0,0.4,0.0,46.29961980855137,46.29961980855137,46.3,46.3,82411,83241,0.5240824645408537,0.0032240587607818266,0.7014898255813955,0.40238428546148114,0.008942031884641636,0.43513441692990296,0.009481244366375496,operation_enabled,operation_enabled
2.6781708120001895,0.4,0.0,0.4,0.0,46.29961980855137,46.29961980855137,46.3,46.3,83812,84658,0.5329974714790284,0.0033342630529344876,0.714980014534884,0.4182105237243822,0.010012150582033426,0.4432558954069047,0.01170563706159823,operation_enabled,operation_enabled
2.698280875000137,0.4,0.0,0.4,0.0,46.29961980855137,46.29961980855137,46.3,46.3,85238,86097,0.5420611432130531,0.0034482393499754163,0.7259407930595934,0.4308045769769814,0.009818790901806186,0.45073893351001626,0.009512733691513868,operation_enabled,operation_enabled
2.7184182810001403,0.4,0.0,0.4,0.0,46.29961980855137,46.29961980855137,46.3,46.3,85926,86793,0.5464395366401654,0.003503974575761192,0.7326858875363375,0.3481285861988121,0.00827937694782493,0.21744350583281727,0.005846041291378274,operation_enabled,operation_enabled
2.7385471340001004,0.4,0.0,0.4,0.0,46.29961980855137,46.29961980855137,46.3,46.3,87299,88180,0.5551709967454284,0.003616536226821635,0.7444898028706398,0.3813226153690323,0.00903693941280176,0.4338143676172857,0.010234919357333944,operation_enabled,operation_enabled
2.758916736000174,0.4,0.0,0.4,0.0,46.29961980855137,46.29961980855137,46.3,46.3,88666,89560,0.5638613079826913,0.00373029411074139,0.7554505813953492,0.39901716356334044,0.009175305944960558,0.4266679228751008,0.009391527327700159,operation_enabled,operation_enabled
2.7790220390002105,0.4,0.0,0.4,0.0,46.29961980855137,46.29961980855137,46.3,46.3,90066,90977,0.572773042746933,0.0038489179262590567,0.7697839071584305,0.41615668677571854,0.010440152146685425,0.44329221257687934,0.012442673822236938,operation_enabled,operation_enabled
2.799163713000098,0.4,0.0,0.4,0.0,46.29961980855137,46.29961980855137,46.3,46.3,91427,92349,0.5814190150011687,0.003965785724929901,0.7790584120639537,0.4212491671042275,0.009508672181735452,0.4292970921861741,0.008036603466754956,operation_enabled,operation_enabled
2.819277343000067,0.4,0.0,0.4,0.0,46.29961980855137,46.29961980855137,46.3,46.3,92788,93725,0.5900776188846321,0.004084480977973518,0.7917054642078489,0.4248408295602549,0.010076176329653965,0.43052484416920633,0.010974284631005088,operation_enabled,operation_enabled
2.839430352000136,0.4,0.0,0.4,0.0,46.29961980855137,46.29961980855137,46.3,46.3,94149,95100,0.5987330337178468,0.004204979715516918,0.8035093795421513,0.42665739867075864,0.010132961399822896,0.4295266074663656,0.010222651476487626,operation_enabled,operation_enabled
2.8595526359999894,0.4,0.0,0.4,0.0,46.29961980855137,46.29961980855137,46.3,46.3,94830,95787,0.6030607322278405,0.00426586592808368,0.8085682003997094,0.3447146385879531,0.007907784024312102,0.2150912288610391,0.004387825966157571,operation_enabled,operation_enabled
2.8796719810000013,0.4,0.0,0.4,0.0,46.29961980855137,46.29961980855137,46.3,46.3,96180,97152,0.6116496764913057,0.004388030800298192,0.821215252543605,0.3765600606984334,0.009094172278608995,0.4269429766803194,0.0109711673308575,operation_enabled,operation_enabled
2.8997867580001184,0.4,0.0,0.4,0.0,46.29961980855137,46.29961980855137,46.3,46.3,97553,98539,0.6203809522515336,0.004514083543010011,0.8330191678779072,0.3988479983802533,0.009538673183551538,0.43411794398656167,0.010242081590515378,operation_enabled,operation_enabled
2.919896220000055,0.4,0.0,0.4,0.0,46.29961980855137,46.29961980855137,46.3,46.3,98919,99916,0.6290584252299376,0.004640956044498885,0.8422936727834304,0.4115121504747156,0.008962110245336687,0.4315580612594756,0.008049476763438767,operation_enabled,operation_enabled
2.9400248010001633,0.4,0.0,0.4,0.0,46.29961980855137,46.29961980855137,46.3,46.3,100267,101280,0.63763780469403,0.004768099074060133,0.8557838617369186,0.41723132570771426,0.010021658127538368,0.4262755301524844,0.011697208757699931,operation_enabled,operation_enabled
2.9602196090002053,0.4,0.0,0.4,0.0,46.29961980855137,46.29961980855137,46.3,46.3,101630,102654,0.6462962457068891,0.004898134228502025,0.8650583666424417,0.42171969344682003,0.009242913403433412,0.42879424361923457,0.008015458581899284,operation_enabled,operation_enabled
2.98041557800002,0.4,0.0,0.4,0.0,46.29961980855137,46.29961980855137,46.3,46.3,102307,103340,0.6506080575065016,0.004963525006117221,0.872646597928779,0.340901394014898,0.008200569689771389,0.2135231845614247,0.006557725472377359,operation_enabled,operation_enabled
3.0005117510002037,0.4,0.0,0.4,0.0,46.29961980855137,46.29961980855137,46.3,46.3,103663,104710,0.6592316588413419,0.005095765921395162,0.8844505132630816,0.37506081630705135,0.008994318447450134,0.42916704748758516,0.010251563181126232,operation_enabled,operation_enabled
3.0206139730000814,0.4,0.0,0.4,0.0,46.29961980855137,46.29961980855137,46.3,46.3,105023,106084,0.6678805403762975,0.005230176745551572,0.8962544285973841,0.39644154954518906,0.009479776610768948,0.4302970047461067,0.010248478362813791,operation_enabled,operation_enabled
3.0407195260002027,0.4,0.0,0.4,0.0,46.29961980855137,46.29961980855137,46.3,46.3,106378,107452,0.676494597161671,0.005365758046304969,0.9072152071220934,0.4088499063639058,0.009493360933847728,0.4284947410355497,0.00951486755111443,operation_enabled,operation_enabled
3.06083929600004,0.4,0.0,0.4,0.0,46.29961980855137,46.29961980855137,46.3,46.3,107746,108833,0.6851908771356231,0.005504297532398309,0.9181759856468026,0.41792421784569606,0.009499086265517837,0.4322804607599454,0.009508144170614624,operation_enabled,operation_enabled
3.080934789000139,0.4,0.0,0.4,0.0,46.29961980855137,46.29961980855137,46.3,46.3,109104,110205,0.6938270243597389,0.005643595143184195,0.929979900981105,0.42252451757818504,0.00979042827796777,0.42981133002042116,0.010251910078006406,operation_enabled,operation_enabled
3.1010364170001594,0.4,0.0,0.4,0.0,46.29961980855137,46.29961980855137,46.3,46.3,110457,111572,0.7024315085697553,0.005784155180920242,0.941783816315407,0.42468503930999313,0.009967843563496927,0.4281062319942312,0.010248781203692004,operation_enabled,operation_enabled
3.1211945860000014,0.4,0.0,0.4,0.0,46.29961980855137,46.29961980855137,46.3,46.3,111129,112253,0.7067115948925704,0.005854797777651321,0.9493720476017441,0.3423562667772151,0.008650379347775032,0.21235407156412234,0.006570022324471281,operation_enabled,operation_enabled
3.1413198360000933,0.4,0.0,0.4,0.0,46.29961980855137,46.29961980855137,46.3,46.3,112520,113655,0.7155469621737716,0.006001925570920581,0.9586465525072672,0.3798221572301247,0.008415173717021098,0.4390798724176904,0.008043162052297782,operation_enabled,operation_enabled
3.1614694120000877,0.4,0.0,0.4,0.0,46.29961980855137,46.29961980855137,46.3,46.3,113909,115061,0.7243886257149906,0.006150980256439435,0.9729798782703485,0.40270887380022147,0.009965782979428694,0.4388638189293409,0.012415334562214516,operation_enabled,operation_enabled
3.1815906010001527,0.4,0.0,0.4,0.0,46.29961980855137,46.29961980855137,46.3,46.3,115298,116462,0.7332144403897898,0.006301651508043848,0.9830975199854647,0.4166470640310538,0.009505027656088483,0.43869677364796517,0.008776129505335442,operation_enabled,operation_enabled
3.201705938000032,0.4,0.0,0.4,0.0,46.29961980855137,46.29961980855137,46.3,46.3,116714,117892,0.7422173744618082,0.006457069264606084,0.9949014353197672,0.4286455907194603,0.009790328926937649,0.4476323452768549,0.010241796456676942,operation_enabled,operation_enabled
3.2221055400000296,0.4,0.0,0.4,0.0,46.29961980855137,46.29961980855137,46.3,46.3,118092,119285,0.7509830237402765,0.006610261705228326,1.0075484874636627,0.42908189393111235,0.01019265803666048,0.4297626896919443,0.010820441525398716,operation_enabled,operation_enabled
3.242208487000198,0.4,0.0,0.4,0.0,46.29961980855137,46.29961980855137,46.3,46.3,118785,119983,0.7553832354612964,0.006687809503199956,1.0117641715116277,0.34773016282380226,0.007663966615975389,0.21891790326103727,0.0036600388420751236,operation_enabled,operation_enabled
3.262319787000024,0.4,0.0,0.4,0.0,46.29961980855137,46.29961980855137,46.3,46.3,120146,121359,0.7640412858530081,0.006841670441726554,1.024411223655523,0.3798063735992351,0.008946165967440007,0.4305747227423721,0.01097555605974218,operation_enabled,operation_enabled
3.2824669260000974,0.4,0.0,0.4,0.0,46.29961980855137,46.29961980855137,46.3,46.3,121508,122736,0.7727056287185101,0.006997556318188786,1.0370582757994182,0.39930944799982687,0.009725206174811133,0.43012286221543217,0.0109560320490953,operation_enabled,operation_enabled
3.302573736000113,0.4,0.0,0.4,0.0,46.29961980855137,46.29961980855137,46.3,46.3,122872,124111,0.7813699416123719,0.007155099695225018,1.0463327807049414,0.4115723067840358,0.00907688786772301,0.43098557613848026,0.008050538454067002,operation_enabled,operation_enabled
3.3226868240001295,0.4,0.0,0.4,0.0,46.29961980855137,46.29961980855137,46.3,46.3,124227,125482,0.7899931001143462,0.007313608405472265,1.0598229696584296,0.41824535268526386,0.010094982190454987,0.4288061202875206,0.01170621905270565,operation_enabled,operation_enabled
3.3428080270000464,0.4,0.0,0.4,0.0,46.29961980855137,46.29961980855137,46.3,46.3,125608,126879,0.7987807119917827,0.00747720979153374,1.0733131586119178,0.42543532898850944,0.010717189396983363,0.4368096018824298,0.011701497865485962,operation_enabled,operation_enabled
3.3629139480001413,0.4,0.0,0.4,0.0,46.29961980855137,46.29961980855137,46.3,46.3,126293,127568,0.8031270566772616,0.007558766695737318,1.07668570585029,0.34443976454455527,0.007701667083070849,0.21621042901983475,0.0029275979691931863,operation_enabled,operation_enabled
3.383079283000143,0.4,0.0,0.4,0.0,46.29961980855137,46.29961980855137,46.3,46.3,127653,128942,0.8117754385663828,0.007722194891791211,1.0884896211845925,0.37721482549758817,0.008676937773241172,0.42895027111069567,0.010216402911739883,operation_enabled,operation_enabled
3.403210978000061,0.4,0.0,0.4,0.0,46.29961980855137,46.29961980855137,46.3,46.3,129039,130343,0.8205914380481538,0.007890672344880908,1.101136673328488,0.40076317382363036,0.009563174445244106,0.43799636295901717,0.010964436952938078,operation_enabled,operation_enabled
3.4233556359999966,0.4,0.0,0.4,0.0,46.29961980855137,46.29961980855137,46.3,46.3,130395,131712,0.8292112814308014,0.008057177663985811,1.1120974518531976,0.4113106966912838,0.009537293001863912,0.42797705460877444,0.00949639720062148,operation_enabled,operation_enabled
3.443469710000045,0.4,0.0,0.4,0.0,46.29961980855137,46.29961980855137,46.3,46.3,131748,133079,0.8378152753980228,0.008225086736544237,1.1239013671874996,0.4177116598053527,0.00981033858686534,0.4278413323933179,0.010242439557979306,operation_enabled,operation_enabled
3.4635930650001683,0.4,0.0,0.4,0.0,46.29961980855137,46.29961980855137,46.3,46.3,133108,134452,0.8464603577106025,0.008395515746219344,1.134862145712209,0.42235038768014604,0.009692634237413083,0.42968789646957994,0.009506450283110954,operation_enabled,operation_enabled
3.4837086690001797,0.4,0.0,0.4,0.0,46.29961980855137,46.29961980855137,46.3,46.3,134471,135830,0.8551307103867284,0.00856822987858413,1.1475091978561045,0.42574309557887785,0.010188518707350531,0.43111172614597165,0.010973207693999945,operation_enabled,operation_enabled
3.5038196840000637,0.4,0.0,0.4,0.0,46.29961980855137,46.29961980855137,46.3,46.3,135155,136518,0.8594706194166152,0.008655288170719398,1.1508817450944766,0.3444727680461098,0.00737693292150413,0.21584102714579215,0.002926856426141295,operation_enabled,operation_enabled
3.5239315540000007,0.4,0.0,0.4,0.0,46.29961980855137,46.29961980855137,46.3,46.3,136508,137887,0.8680808215697642,0.008829275813491614,1.164371934047965,0.3768924000440468,0.009053473265171004,0.42820284194435754,0.011706927996018053,operation_enabled,operation_enabled
3.5440362480001113,0.4,0.0,0.4,0.0,46.29961980855137,46.29961980855137,46.3,46.3,137856,139250,0.8766561888918445,0.00900451631079927,1.1770189861918603,0.39614412212412836,0.009798922039423818,0.42662463311384563,0.01097916240760328,operation_enabled,operation_enabled
3.56417731800002,0.4,0.0,0.4,0.0,46.29961980855137,46.29961980855137,46.3,46.3,139211,140617,0.885266316020464,0.009182178340598578,1.1871366279069762,0.4083274647483747,0.009399195440053132,0.42758204458986065,0.008767466696987873,operation_enabled,operation_enabled
3.5842960660002063,0.4,0.0,0.4,0.0,46.29961980855137,46.29961980855137,46.3,46.3,140569,141987,0.8938953905450983,0.009361755761912206,1.1972542696220925,0.4163333867276291,0.00915831098497099,0.4290000005446975,0.008777194309718975,operation_enabled,operation_enabled
3.604431778000162,0.4,0.0,0.4,0.0,46.29961980855137,46.29961980855137,46.3,46.3,141944,143377,0.902641465300115,0.009545506294457965,1.2099013217659877,0.423353952521865,0.009857289133492503,0.43445222160176616,0.01096224958833676,operation_enabled,operation_enabled
3.624778933000016,0.4,0.0,0.4,0.0,46.29961980855137,46.29961980855137,46.3,46.3,142625,144065,0.9069717855469437,0.00963718535931567,1.2158032794331388,0.3412744156432802,0.007987556147469895,0.21286959422216223,0.005062555114258093,operation_enabled,operation_enabled
3.6449319160001323,0.4,0.0,0.4,0.0,46.29961980855137,46.29961980855137,46.3,46.3,143993,145449,0.9156766784833312,0.009822954157171679,1.229293468386627,0.37646175124413345,0.009420211798497613,0.43203901635746067,0.011683045331461762,operation_enabled,operation_enabled
3.6651153140001043,0.4,0.0,0.4,0.0,46.29961980855137,46.29961980855137,46.3,46.3,145369,146837,0.9244194901865604,0.010011334167041974,1.239411110101743,0.3985049530187706,0.009159789165686553,0.43326901528430606,0.008749079836118324,operation_enabled,operation_enabled
3.6852627150001354,0.4,0.0,0.4,0.0,46.29961980855137,46.29961980855137,46.3,46.3,146731,148212,0.9330768636962395,0.010199466470243834,1.2503718886264525,0.41063650109240735,0.009289761034588881,0.42980319999588645,0.00949510429845369,operation_enabled,operation_enabled
3.705418977000136,0.4,0.0,0.4,0.0,46.29961980855137,46.29961980855137,46.3,46.3,148111,149607,0.9418543950855659,0.010392019093730494,1.2630189407703478,0.420307069489507,0.009933877483400941,0.43557893649447704,0.010951073199106908,operation_enabled,operation_enabled
3.725519738999992,0.4,0.0,0.4,0.0,46.29961980855137,46.29961980855137,46.3,46.3,149478,150988,0.9505464825850329,0.010584552910337134,1.2748228561046504,0.4250388036780884,0.010055935378719141,0.43253184185758653,0.010249222751440868,operation_enabled,operation_enabled
3.745631468000056,0.4,0.0,0.4,0.0,46.29961980855137,46.29961980855137,46.3,46.3,150829,152354,0.9591404744237364,0.010776748512963261,1.2874699082485457,0.42596050131008417,0.01041191316061445,0.42741927926167417,0.010975321941822146,operation_enabled,operation_enabled
3.7657551450001847,0.4,0.0,0.4,0.0,46.29961980855137,46.29961980855137,46.3,46.3,151534,153064,0.9636161675861247,0.01087750164326578,1.291685592296511,0.3471405447425404,0.007795239394777118,0.22246565851838918,0.0036562685268862077,operation_enabled,operation_enabled
3.785878890000049,0.4,0.0,0.4,0.0,46.29961980855137,46.29961980855137,46.3,46.3,152906,154449,0.9723366263393786,0.011074964974925265,1.3026463708212204,0.380572076509478,0.008457975235127634,0.4334528254543459,0.009506266047366178,operation_enabled,operation_enabled
3.806006780000189,0.4,0.0,0.4,0.0,46.29961980855137,46.29961980855137,46.3,46.3,154265,155822,0.9809779704333936,0.011272354431512357,1.3144502861555227,0.39950022464469437,0.009146519580288209,0.42943389716848496,0.010235409037350188,operation_enabled,operation_enabled
3.826305042000058,0.4,0.0,0.4,0.0,46.29961980855137,46.29961980855137,46.3,46.3,155649,157220,0.989777423444969,0.011475169275909906,1.3262542014898253,0.41278700272475793,0.009537063011109643,0.4336228398936819,0.010149498868994413,operation_enabled,operation_enabled
3.8464500900001894,0.4,0.0,0.4,0.0,46.29961980855137,46.29961980855137,46.3,46.3,157042,158628,0.9986369295926758,0.011681259669670702,1.3389012536337206,0.4232974020786685,0.010087472590302394,0.43990477884971246,0.010957169254744051,operation_enabled,operation_enabled
3.8665615170000365,0.4,0.0,0.4,0.0,46.29961980855137,46.29961980855137,46.3,46.3,158401,160000,1.0072749855851455,0.011883979235410479,1.3498620321584298,0.42574857048349124,0.009864691369270722,0.4296281118803418,0.009512088517613222,operation_enabled,operation_enabled
3.8866603900000882,0.4,0.0,0.4,0.0,46.29961980855137,46.29961980855137,46.3,46.3,159076,160685,1.0115766001339626,0.011985658715326931,1.35829340025436,0.3438255650008011,0.008880401334576108,0.21408245676303067,0.007321561448804029,operation_enabled,operation_enabled
3.906770508000136,0.4,0.0,0.4,0.0,46.29961980855137,46.29961980855137,46.3,46.3,160433,162053,1.020195612407107,0.012190723247674534,1.3675679051598835,0.376691224291716,0.008558589330162087,0.4287121237624276,0.008049214186279983,operation_enabled,operation_enabled
3.9268687450000925,0.4,0.0,0.4,0.0,46.29961980855137,46.29961980855137,46.3,46.3,161812,163447,1.0289664057249521,0.012401077796996745,1.380214957303779,0.3998474716452474,0.009496792110183568,0.4365216459002442,0.010982689704716856,operation_enabled,operation_enabled
3.947022375000188,0.4,0.0,0.4,0.0,46.29961980855137,46.29961980855137,46.3,46.3,163168,164815,1.0375821744630767,0.012609426906715104,1.3903325990188955,0.41061814913421557,0.009211925657296064,0.42762954174993567,0.00876200269951738,operation_enabled,operation_enabled
3.967169666000018,0.4,0.0,0.4,0.0,46.29961980855137,46.29961980855137,46.3,46.3,164554,166217,1.0464003253577716,0.012824487844677056,1.403822787972384,0.4211596616495463,0.010171035259121587,0.4378143456414945,0.011686346018257578,operation_enabled,operation_enabled
3.987371694000103,0.4,0.0,0.4,0.0,46.29961980855137,46.29961980855137,46.3,46.3,165948,167628,1.0552721926645943,0.013043014278531379,1.4181561137354652,0.4281990180729856,0.011029878184945954,0.43929046266430405,0.01238309972274283,operation_enabled,operation_enabled
4.007518938000203,0.4,0.0,0.4,0.0,46.29961980855137,46.29961980855137,46.3,46.3,166640,168323,1.0596590858019426,0.013151715507178547,1.4206855241642442,0.34664968060920953,0.00760392278022717,0.21780843400332395,0.0021911949900570824,operation_enabled,operation_enabled
4.027644607000184,0.4,0.0,0.4,0.0,46.29961980855137,46.29961980855137,46.3,46.3,168036,169732,1.0685308949240264,0.01337259190705339,1.4316463026889537,0.3831801577997572,0.008340452853868321,0.4409571789600169,0.009505357254869232,operation_enabled,operation_enabled
4.047759333000158,0.4,0.0,0.4,0.0,46.29961980855137,46.29961980855137,46.3,46.3,169419,171130,1.0773267502127633,0.013593390557306398,1.4442933548328494,0.4041840520220494,0.009360109183562981,0.4374221243642863,0.010973686670286406,operation_enabled,operation_enabled
4.067889787000013,0.4,0.0,0.4,0.0,46.29961980855137,46.29961980855137,46.3,46.3,170796,172522,1.0860846026928364,0.013815169612388602,1.4569404069767444,0.4161978002025202,0.009981905877439086,0.435194365386763,0.010965112887368372,operation_enabled,operation_enabled
4.087982145000069,0.4,0.0,0.4,0.0,46.29961980855137,46.29961980855137,46.3,46.3,172162,173901,1.0947665019849675,0.014036815047419392,1.4679011855014539,0.42240566092223797,0.009803597791052773,0.43224036244971753,0.009521116129701138,operation_enabled,operation_enabled
4.108125950000158,0.4,0.0,0.4,0.0,46.29961980855137,46.29961980855137,46.3,46.3,173522,175275,1.1034135663955882,0.014259290111018863,1.4797051008357565,0.42511983525399166,0.009967820184519364,0.4294087395728116,0.010227322355896368,operation_enabled,operation_enabled
4.128251923000107,0.4,0.0,0.4,0.0,46.29961980855137,46.29961980855137,46.3,46.3,174204,175963,1.1077465705213563,0.01437140938839971,1.4847639216933144,0.3438699751619773,0.007806050208551189,0.21536620683036295,0.004387021697444164,operation_enabled,operation_enabled
4.148368284000071,0.4,0.0,0.4,0.0,46.29961980855137,46.29961980855137,46.3,46.3,175561,177332,1.1163682702682727,0.014595644055106336,1.4948815634084307,0.3767340709709911,0.00818252440079641,0.42873635208196903,0.008778235808465647,operation_enabled,operation_enabled
4.168493645000126,0.4,0.0,0.4,0.0,46.29961980855137,46.29961980855137,46.3,46.3,176923,178709,1.1250310410353888,0.01482266901816813,1.5075286155523258,0.3975945802410202,0.009261438595813437,0.4305883055782241,0.010967887760213565,operation_enabled,operation_enabled
4.188638157000014,0.4,0.0,0.4,0.0,46.29961980855137,46.29961980855137,46.3,46.3,178301,180102,1.1337949688743827,0.015054280826757537,1.520175667696221,0.41217142937948215,0.009918777904648964,0.435204775584185,0.010957460800420933,operation_enabled,operation_enabled
4.208776919000002,0.4,0.0,0.4,0.0,46.29961980855137,46.29961980855137,46.3,46.3,179683,181495,1.142571503113675,0.015287905942306826,1.5294501726017444,0.42138873060753107,0.009189868106006948,0.4359574419554469,0.008037765533643609,operation_enabled,operation_enabled
4.22883284500017,0.4,0.0,0.4,0.0,46.29961980855137,46.29961980855137,46.3,46.3,181047,182876,1.151253108093878,0.015520793945350412,1.5437834983648258,0.4258867222063782,0.010459020706916788,0.43302553591097925,0.012473307257146798,operation_enabled,operation_enabled
4.248987868000086,0.4,0.0,0.4,0.0,46.29961980855137,46.29961980855137,46.3,46.3,181726,183562,1.1555701698437961,0.01563736397627372,1.549685456031977,0.3438430865866572,0.008385516586407241,0.21427091831710454,0.005110814986692982,operation_enabled,operation_enabled
4.2691158940001515,0.4,0.0,0.4,0.0,46.29961980855137,46.29961980855137,46.3,46.3,183109,184959,1.1643623906741414,0.015876132516609107,1.561489371366279,0.3799211332845391,0.009102106221688971,0.43697590327588715,0.010235339879307788,operation_enabled,operation_enabled
4.289242270000159,0.4,0.0,0.4,0.0,46.29961980855137,46.29961980855137,46.3,46.3,184480,186342,1.1730723366961193,0.01611433420159298,1.5716070130813957,0.4004527182059546,0.008974958669223,0.43292456738290624,0.008773867708018775,operation_enabled,operation_enabled
4.309370315000024,0.4,0.0,0.4,0.0,46.29961980855137,46.29961980855137,46.3,46.3,185849,187725,1.1817759117137119,0.016354027913333683,1.583410928415698,0.4128960716451576,0.009463205148758565,0.43257429880037307,0.0102353302176942,operation_enabled,operation_enabled
4.32951163000007,0.4,0.0,0.4,0.0,46.29961980855137,46.29961980855137,46.3,46.3,187218,189109,1.190482598003877,0.016595666517203206,1.5960579805595936,0.42047258680250266,0.01004296210916572,0.4324463813506676,0.010959200061260894,operation_enabled,operation_enabled
4.349620421000054,0.4,0.0,0.4,0.0,46.29961980855137,46.29961980855137,46.3,46.3,188589,190493,1.1991955595308974,0.016839275691838445,1.607018759084303,0.4255009309897269,0.009837914026286617,0.43346049288447,0.00951333542818242,operation_enabled,operation_enabled
4.369755840000153,0.4,0.0,0.4,0.0,46.29961980855137,46.29961980855137,46.3,46.3,189279,191191,1.203585228576715,0.016962686997216266,1.6137638535610472,0.345136783816976,0.008291407009311679,0.21809347501028695,0.005846618189405223,operation_enabled,operation_enabled
4.389881763000176,0.4,0.0,0.4,0.0,46.29961980855137,46.29961980855137,46.3,46.3,190646,192569,1.2122664923004212,0.017207966923765618,1.6230383584665706,0.3785978136334963,0.008195143167183403,0.43151949375955423,0.008042893093328752,operation_enabled,operation_enabled
4.41009370200004,0.4,0.0,0.4,0.0,46.29961980855137,46.29961980855137,46.3,46.3,192021,193960,1.221014120780326,0.017456861112257884,1.6365285474200588,0.39971447218714856,0.009536506602314313,0.43297026808500944,0.011648967175099958,operation_enabled,operation_enabled
4.430233314000134,0.4,0.0,0.4,0.0,46.29961980855137,46.29961980855137,46.3,46.3,193385,195339,1.2296889539624474,0.017705664334879644,1.6491755995639543,0.41180411605339745,0.010088186926078923,0.4309119973921758,0.010960126768150029,operation_enabled,operation_enabled
4.450363867000078,0.4,0.0,0.4,0.0,46.29961980855137,46.29961980855137,46.3,46.3,194739,196707,1.2382973210363908,0.01795439957258534,1.6609795148982567,0.4180032259517589,0.010144698059698008,0.4278054304227125,0.010234055031215173,operation_enabled,operation_enabled
4.4704867200000535,0.4,0.0,0.4,0.0,46.29961980855137,46.29961980855137,46.3,46.3,196088,198069,1.2468708510593025,0.018203832852392368,1.6719402934229661,0.42119336987871087,0.009897582667525728,0.42623964413365495,0.009506687438321807,operation_enabled,operation_enabled
4.4905975560000115,0.4,0.0,0.4,0.0,46.29961980855137,46.29961980855137,46.3,46.3,197452,199448,1.2555455288113735,0.018457997521348433,1.6845873455668614,0.42519495529259704,0.010315050458060174,0.43152857661819227,0.010975809289223116,operation_enabled,operation_enabled
4.510705196000117,0.4,0.0,0.4,0.0,46.29961980855137,46.29961980855137,46.3,46.3,198134,200134,1.2598717812590896,0.018585360348230155,1.6879598928052333,0.34391556055011047,0.007454958236601392,0.2152478755834395,0.0029273476891532317,operation_enabled,operation_enabled
4.530841832000078,0.4,0.0,0.4,0.0,46.29961980855137,46.29961980855137,46.3,46.3,199488,201503,1.2684831385652426,0.01884007952991172,1.7006069449491288,0.37643236848685385,0.008813783480118617,0.42783331466984575,0.010961746568930796,operation_enabled,operation_enabled
4.5509929870002,0.4,0.0,0.4,0.0,46.29961980855137,46.29961980855137,46.3,46.3,200885,202913,1.2773600875758926,0.01910448518252129,1.7115677234738382,0.40135128877474757,0.009077215417308137,0.4407134924827465,0.009493335435954545,operation_enabled,operation_enabled
4.571143179000046,0.4,0.0,0.4,0.0,46.29961980855137,46.29961980855137,46.3,46.3,202271,204314,1.2861737336540517,0.019368822701122716,1.7242147756177335,0.41540067459634233,0.009804883905206913,0.4375943013461921,0.010954372076656378,operation_enabled,operation_enabled
4.591289747000019,0.4,0.0,0.4,0.0,46.29961980855137,46.29961980855137,46.3,46.3,203670,205726,1.2950632225420378,0.019637267931817255,1.7351755541424427,0.4254943253046117,0.009684965099946489,0.44144199841763265,0.009495496892489054,operation_enabled,operation_enabled
4.61171347100003,0.4,0.0,0.4,0.0,46.29961980855137,46.29961980855137,46.3,46.3,204365,206430,1.2994873897458534,0.019771585954021703,1.74276378542878,0.34389454682937937,0.008434103110158936,0.2167188358813683,0.006484597047500192,operation_enabled,operation_enabled
4.631842908000181,0.4,0.0,0.4,0.0,46.29961980855137,46.29961980855137,46.3,46.3,205758,207835,1.3083356825351,0.020041589176791032,1.752881427143896,0.38103834889061516,0.008565210836396529,0.4397744149140055,0.008772533502282274,operation_enabled,operation_enabled
4.651953482000181,0.4,0.0,0.4,0.0,46.29961980855137,46.29961980855137,46.3,46.3,207126,209219,1.3170384517037232,0.020308946387071192,1.7663716160973841,0.40113737917020975,0.009781903296496279,0.43295009640395066,0.011707682433854677,operation_enabled,operation_enabled
4.672138168000174,0.4,0.0,0.4,0.0,46.29961980855137,46.29961980855137,46.3,46.3,208477,210580,1.3256146765870895,0.020574058242779778,1.7748029841933146,0.4104324522260661,0.008815088712826064,0.4250906621505636,0.007290434625618572,operation_enabled,operation_enabled
4.692299361000096,0.4,0.0,0.4,0.0,46.29961980855137,46.29961980855137,46.3,46.3,209830,211950,1.3342256339781673,0.020841956057399483,1.7891363099563957,0.4169779718178588,0.010208394787339424,0.4273121995408184,0.01240818077222263,operation_enabled,operation_enabled
4.712417224000092,0.4,0.0,0.4,0.0,46.29961980855137,46.29961980855137,46.3,46.3,211219,213353,1.3430547275608684,0.021118656161369837,1.8009402252906979,0.4255387511640253,0.01022083200988674,0.43908383147063323,0.010240510496083207,operation_enabled,operation_enabled
4.732536813000024,0.4,0.0,0.4,0.0,46.29961980855137,46.29961980855137,46.3,46.3,212567,214715,1.351624458441194,0.021388995203929777,1.8127441406249998,0.4257760745950391,0.01022811292862301,0.426151541481142,0.01023963199302469,operation_enabled,operation_enabled
4.752668152000069,0.4,0.0,0.4,0.0,46.29961980855137,46.29961980855137,46.3,46.3,213242,215396,1.355912466197868,0.021524895485336027,1.8178029614825577,0.3433840432237571,0.00796469375834317,0.21310856513367385,0.004385852338622537,operation_enabled,operation_enabled
4.772796657000072,0.4,0.0,0.4,0.0,46.29961980855137,46.29961980855137,46.3,46.3,214601,216769,1.3645516862655578,0.02179997178523344,1.8296068768168596,0.37671367546204226,0.00884422136512793,0.42942077638342163,0.010235096307957143,operation_enabled,operation_enabled
4.792934225000181,0.4,0.0,0.4,0.0,46.29961980855137,46.29961980855137,46.3,46.3,215946,218127,1.3730991473484155,0.022073826207545735,1.840567655341569,0.3952970232653113,0.009098231973632815,0.4246712919165222,0.009499740675588416,operation_enabled,operation_enabled
4.813077985000064,0.4,0.0,0.4,0.0,46.29961980855137,46.29961980855137,46.3,46.3,217300,219495,1.3817066355155334,0.022351315578790446,1.8523715706758714,0.40778754111720406,0.009535840360681683,0.42752494523557993,0.010227345203250346,operation_enabled,operation_enabled
4.833210132000204,0.4,0.0,0.4,0.0,46.29961980855137,46.29961980855137,46.3,46.3,217975,220175,1.3859913870977978,0.02249004760385762,1.8565872547238365,0.3322986056870805,0.007257314023865986,0.21294285865855606,0.0036547302610238095,operation_enabled,operation_enabled
4.853313837000087,0.4,0.0,0.4,0.0,46.29961980855137,46.29961980855137,46.3,46.3,220135,222360,1.39973095316053,0.022937944331387454,1.8776656749636618,0.4683624018032483,0.011531700154038411,0.6837975738559803,0.0182995042110949,operation_enabled,operation_enabled
4.8734155380000175,0.4,0.0,0.4,0.0,46.29961980855137,46.29961980855137,46.3,46.3,220824,223053,1.4041010217205123,0.023081337852060946,1.8810382222020334,0.3712663239869575,0.00820152919043544,0.2175149500176457,0.0029282125671273294,operation_enabled,operation_enabled
4.893933113000003,0.4,0.0,0.4,0.0,46.29961980855137,46.29961980855137,46.3,46.3,221501,223737,1.4084046740314113,0.023222900773184608,1.8869401798691847,0.3080075739261383,0.006954753879654633,0.2098678788988135,0.005020505279263587,operation_enabled,operation_enabled
4.9140612880000845,0.4,0.0,0.4,0.0,46.29961980855137,46.29961980855137,46.3,46.3,223446,225703,1.4207716613269694,0.023632246964508545,1.9046460528706382,0.4268341556563867,0.010208064092351941,0.6147482397996872,0.015352896167391243,operation_enabled,operation_enabled
4.934200085000157,0.4,0.0,0.4,0.0,46.29961980855137,46.29961980855137,46.3,46.3,224809,227082,1.4294420710426956,0.02392159977693205,1.9181362418241266,0.42836023824232944,0.010782822734887669,0.4307723345271112,0.01169127500285601,operation_enabled,operation_enabled
4.954323573000011,0.4,0.0,0.4,0.0,46.29961980855137,46.29961980855137,46.3,46.3,226168,228453,1.4380744763328939,0.024211464705359568,1.9282538835392422,0.4286906902268761,0.010005183423052462,0.429213393515645,0.008775126879951658,operation_enabled,operation_enabled
4.974448402000007,0.4,0.0,0.4,0.0,46.29961980855137,46.29961980855137,46.3,46.3,227520,229819,1.4466688816152564,0.024501699631516934,1.9400577988735441,0.4281513418593105,0.010094963199822707,0.42729826669781085,0.010236965850008443,operation_enabled,operation_enabled
4.994586195000011,0.4,0.0,0.4,0.0,46.29961980855137,46.29961980855137,46.3,46.3,228885,231198,1.4553454392021925,0.024796498429781776,1.9518617142078465,0.429297052267522,0.010147435239085874,0.4311080300128854,0.01023037565289233,operation_enabled,operation_enabled
5.038869948000183,0.35,0.5,0.364572997599862,0.08856750600034502,39.99488295616973,44.403072950517874,46.3,46.3,229570,231891,1.4597026660444814,0.024945247741950203,1.9586068086845905,0.23680977361430686,0.005790297558744269,0.09845066985972248,0.002658404019569215,operation_enabled,operation_enabled
5.059065774000146,0.35,0.5,0.35,0.1289591580002707,37.30288383987659,43.7214508250883,46.25,46.25,232484,234835,1.478225445449763,0.025582773129393815,1.9839009129723812,0.5011192214385396,0.012027957149495842,0.9177018868585474,0.021859239684753458,operation_enabled,operation_enabled
5.079164217000198,0.35,0.5,0.35,0.1691560440003741,36.30254230000689,44.721792364958,45.75,45.75,233834,236198,1.4868037573521027,0.02588074262434772,1.9948616914970907,0.4724605073044295,0.01105660938453709,0.4270721554098131,0.00951823351876428,operation_enabled,operation_enabled
5.099335510000174,0.35,0.5,0.35,0.20949863000032565,35.29857486329019,45.7257598016747,44.85,45.4,235151,237533,1.495189124952872,0.026173925102985236,2.010038154069765,0.4505451629435563,0.011861442017155848,0.41596200176892795,0.013131495373111686,operation_enabled,operation_enabled
5.119482448000099,0.35,0.5,0.35,0.24979250600017622,34.295819625859465,46.72851503910542,43.65,45.35,236445,238874,1.5035205997857692,0.02646921279812411,2.0496655841206373,0.43630066919402916,0.020570088572186063,0.41379519871422465,0.03432924290996587,operation_enabled,operation_enabled
5.139619211000081,0.35,0.5,0.35,0.2900660320001407,33.29357081945483,47.730763845510054,42.25,45.55,237705,240218,1.5117537718137122,0.026768962321253517,2.120489076126451,0.42577383594223767,0.036385437499157784,0.40913364856824685,0.061385393633645466,operation_enabled,operation_enabled
5.159746966000057,0.35,0.5,0.35,0.33032154200009245,32.291770360048886,48.732564304915996,40.6,46.0,238919,241581,1.5199010552146648,0.027079571606318506,2.2461164607558115,0.4177546333053467,0.06448954893856192,0.405072685027277,0.10893472682146053,operation_enabled,operation_enabled
5.17984006100005,0.35,0.5,0.35,0.37050773200007825,31.291695001326353,49.73263966363853,38.9,46.6,240082,242947,1.5278957671335258,0.027405102150081802,2.4172732331031948,0.4101927498224025,0.09706507966243083,0.3982133993500541,0.14867043701078833,operation_enabled,operation_enabled
5.199973107999995,0.35,0.5,0.35,0.4107738259999678,30.289631148014827,50.734703516950056,38.0,46.9,240642,243637,1.5318468802628025,0.027575682285543763,2.5268810183502874,0.3273732451162326,0.09627224146142827,0.19643297007047744,0.09501873901083557,operation_enabled,operation_enabled
5.220128056000021,0.35,0.5,0.35,0.4510837220000212,29.28647723612779,51.737857428837096,36.3,47.65,241722,245032,1.5396689306593703,0.027939043575709963,2.7924691133720896,0.35107776794300843,0.14811365987255154,0.38851464926377427,0.2299875302195703,operation_enabled,operation_enabled
5.240258452000035,0.35,0.5,0.35,0.49134451400004764,28.284545328626876,52.739789336338006,34.75,48.5,242765,246463,1.5474858336962873,0.02834269605858218,3.1196061954941827,0.36570390286748966,0.20061481206829684,0.38883133336173986,0.2836317372193699,operation_enabled,operation_enabled
5.260417326000152,0.35,0.5,0.35,0.5,28.069144508934265,52.95519015603062,33.35,49.4,243760,247906,1.5551863943992592,0.028787849602310994,3.497331486191857,0.37226771603875747,0.2496317000409638,0.3826320182486219,0.3270296739137735,operation_enabled,operation_enabled
5.280577800000174,0.35,0.5,0.35,0.5,28.069144508934265,52.95519015603062,32.1,50.25,244727,249400,1.562956172936362,0.029292953851060243,3.9416645848473797,0.3776744738698658,0.30199379973513524,0.3862111008848929,0.38466732216311866,operation_enabled,operation_enabled
5.300697438000043,0.35,0.5,0.35,0.5,28.069144508934265,52.95519015603062,31.1,50.9,245655,250905,1.570633237446847,0.029854689393534087,4.4281545239825535,0.3795789315789841,0.3484772676748938,0.3825919466075608,0.42201809077235036,operation_enabled,operation_enabled
5.321026148000101,0.35,0.5,0.35,0.5,28.069144508934265,52.95519015603062,30.7,51.15,246111,251668,1.5744777545177795,0.030161147008295867,4.686997524527612,0.30558243999085,0.2992739406062901,0.18971766148128585,0.2222306582778669,operation_enabled,operation_enabled
5.341166343000168,0.35,0.5,0.35,0.5,28.069144508934265,52.95519015603062,30.05,51.6,247008,253203,1.5821434075207699,0.030825867644909292,5.224918809047961,0.3352134315289324,0.3639455869914056,0.3820443462443479,0.4661572309208499,operation_enabled,operation_enabled
5.361271947000205,0.35,0.5,0.35,0.5,28.069144508934265,52.95519015603062,29.6,51.9,247886,254741,1.589751972882353,0.0315589118752562,5.7813891033793565,0.35262230859684046,0.41005744869188804,0.380183866449384,0.48306128110386864,operation_enabled,operation_enabled
5.381377406000183,0.35,0.5,0.35,0.5,28.069144508934265,52.95519015603062,29.2,52.15,248742,256276,1.597274292939756,0.03235851840668912,6.35387899709302,0.3617699695454365,0.44370319147017556,0.37625255815681125,0.49697117482900977,operation_enabled,operation_enabled
5.401485502000014,0.35,0.5,0.35,0.5,28.069144508934265,52.95519015603062,28.95,52.35,249594,257826,1.604822691986442,0.0332383248474475,6.94238849018895,0.36802782517954424,0.4696836640597934,0.3779339710158492,0.5108105876286482,operation_enabled,operation_enabled
5.421629121000024,0.35,0.5,0.35,0.5,28.069144508934265,52.95519015603062,28.7,52.5,250437,259376,1.6123333445367696,0.034192526747534875,7.538486214571218,0.37106095554480767,0.4878221208556419,0.37585391445326966,0.5164845479906738,operation_enabled,operation_enabled
5.441765529000122,0.35,0.5,0.35,0.5,28.069144508934265,52.95519015603062,28.55,52.6,251275,260932,1.619836713006177,0.035225853957551706,8.143858443859008,0.373031173425431,0.5021148003531429,0.37614563072752494,0.5247082101811951,operation_enabled,operation_enabled
5.462030795000146,0.35,0.5,0.35,0.5,28.069144508934265,52.95519015603062,28.5,52.65,251693,261707,1.6235716835016314,0.035770351640929135,8.444858284883718,0.3003748878421201,0.4076348467768646,0.18625245789457667,0.25923362041507203,operation_enabled,operation_enabled
5.482152464000137,0.35,0.5,0.35,0.5,28.069144508934265,52.95519015603062,28.4,52.7,252529,263275,1.6310889170660885,0.03692782742777689,9.062034429505811,0.330437183864358,0.45709261172103094,0.3779935074738272,0.535331129262937,operation_enabled,operation_enabled
5.5022541170001205,0.35,0.5,0.35,0.5,28.069144508934265,52.95519015603062,28.3,52.8,253368,264853,1.6386337626940832,0.038173293515280385,9.685112531795056,0.34978256013963144,0.4895663557825453,0.38041598377086216,0.5409885635790422,operation_enabled,operation_enabled
5.522372206,0.35,0.5,0.35,0.5,28.069144508934265,52.95519015603062,28.25,52.8,254201,266422,1.6461179109353141,0.039492329471710184,10.305661223655521,0.36061193230718264,0.5084594405095002,0.3777462447267955,0.5383522183430892,operation_enabled,operation_enabled
5.542487308000091,0.35,0.5,0.35,0.5,28.069144508934265,52.95519015603062,28.2,52.85,255034,267995,1.6535997315314017,0.040894895969684826,10.92958246275436,0.3675122034769207,0.5211989244391061,0.3784314845756032,0.5413584229077432,operation_enabled,operation_enabled
5.562605598000118,0.35,0.5,0.35,0.5,28.069144508934265,52.95519015603062,28.15,52.85,255866,269575,1.661084365944104,0.042382991873869416,11.560248796329939,0.37208308189431816,0.5312389655460779,0.3793150871432719,0.5471242338369534,operation_enabled,operation_enabled
5.582716580000124,0.35,0.5,0.35,0.5,28.069144508934265,52.95519015603062,28.15,52.9,256686,271133,1.6684470148693225,0.04393070285654623,12.18248376180959,0.37286557741415477,0.5346333611139656,0.3741040851103898,0.5400058967110679,operation_enabled,operation_enabled
5.602863893000176,0.35,0.5,0.35,0.5,28.069144508934265,52.95519015603062,28.1,52.9,257096,271911,1.672118842927129,0.044733816776723244,12.492758107739823,0.3006507694516649,0.43158811763915117,0.18655770253368514,0.2687856649142437,operation_enabled,operation_enabled
5.62313658700009,0.35,0.5,0.35,0.5,28.069144508934265,52.95519015603062,28.1,52.9,257928,273488,1.6795508802324897,0.04642326545542432,13.120895030886622,0.32995154612922,0.4740727081349445,0.3759578977733028,0.5407795067742295,operation_enabled,operation_enabled
5.6432801270000255,0.35,0.5,0.35,0.5,28.069144508934265,52.95519015603062,28.1,52.9,258755,275063,1.6869423698171304,0.048189106306748025,13.751561364462205,0.34829015214696846,0.5021191663122895,0.377268969148834,0.5464384116401599,operation_enabled,operation_enabled
5.6633905620001315,0.35,0.5,0.35,0.5,28.069144508934265,52.95519015603062,28.1,52.95,259577,276631,1.694277174962566,0.05002686252143242,14.380541424418599,0.3590195477147251,0.5190601366958307,0.3760021375094037,0.5458744664435442,operation_enabled,operation_enabled
5.6834945290002,0.35,0.5,0.35,0.5,28.069144508934265,52.95519015603062,28.05,52.95,260400,278197,1.7015883463681019,0.05194406232764196,15.006992073946217,0.3655793987286635,0.5286578839239622,0.37596573407045086,0.5438541774107002,operation_enabled,operation_enabled
5.703602662000094,0.35,0.5,0.35,0.5,28.069144508934265,52.95519015603062,28.05,52.95,261214,279747,1.7088019369155614,0.053919814133089945,15.627540765806682,0.36804743536236334,0.5325142217726314,0.37195431453396294,0.5386187689312493,operation_enabled,operation_enabled
5.723752108000099,0.35,0.5,0.35,0.5,28.069144508934265,52.95519015603062,28.05,52.95,262038,281320,1.7160938984158882,0.056002942570741655,16.259050236191857,0.37127483180231763,0.5381327388560064,0.3763732955192435,0.547008563696701,operation_enabled,operation_enabled
5.743913023999994,0.35,0.5,0.35,0.5,28.069144508934265,52.95519015603062,28.05,52.95,262452,282104,1.71972967662731,0.05707404677157516,16.571010855741275,0.3002067310142557,0.43418369069455176,0.18800111955660312,0.2700641155256558,operation_enabled,operation_enabled
5.764059433000057,0.35,0.5,0.35,0.5,28.069144508934265,52.95519015603062,28.05,52.95,263282,283686,1.7270317106599344,0.05929090815493712,17.20504973655523,0.3306638798805815,0.4787958480594966,0.37878566470631775,0.5492823091117106,operation_enabled,operation_enabled
5.784177380000074,0.35,0.5,0.35,0.5,28.069144508934265,52.95519015603062,28.05,52.95,264097,285240,1.7341792513095584,0.06154679442097458,17.828127838844477,0.34688842005869613,0.5027111578179554,0.37255918824133244,0.5405504041747466,operation_enabled,operation_enabled
5.804307735000066,0.35,0.5,0.35,0.5,28.069144508934265,52.95519015603062,28.05,52.95,264913,286795,1.7413078507379167,0.06388224359762856,18.45120594113372,0.3568663497442421,0.5172413885648356,0.3726438840329183,0.5402172183267323,operation_enabled,operation_enabled
5.8244434150001325,0.35,0.5,0.35,0.5,28.069144508934265,52.95519015603062,28.05,52.95,265730,288352,1.7484196008949957,0.06629818021430538,19.075127180232556,0.36312417938172203,0.5263717181603212,0.3730167136276834,0.5408051724779798,operation_enabled,operation_enabled
5.844561598000155,0.35,0.5,0.35,0.5,28.069144508934265,52.95519015603062,28.05,52.95,266544,289905,1.7554837490466004,0.06878401179953961,19.6982052825218,0.3666545463618006,0.5318601950918537,0.3722402929056838,0.5405440631499009,operation_enabled,operation_enabled
5.864677831000108,0.35,0.5,0.35,0.5,28.069144508934265,52.95519015603062,28.05,52.95,267365,291471,1.762579789219577,0.07136848080556168,20.326342205668603,0.3700496606635503,0.5369429280304856,0.37542193114268724,0.5449856075083096,operation_enabled,operation_enabled
5.885112452000158,0.35,0.5,0.35,0.5,28.069144508934265,52.95519015603062,28.05,52.95,267776,292258,1.7661303804800066,0.07269492264472158,20.64336164607558,0.2978884476761905,0.4328746459471503,0.1854829986451798,0.2707675874154118,operation_enabled,operation_enabled
5.905269647000068,0.35,0.5,0.35,0.5,28.069144508934265,52.95519015603062,28.05,52.95,268605,293834,1.7732359646305302,0.07541656521584425,21.273184842841566,0.32874985573498056,0.4764797439204345,0.37748427184152983,0.5453382025153465,operation_enabled,operation_enabled
5.925413930000104,0.35,0.5,0.35,0.5,28.069144508934265,52.95519015603062,28.05,52.95,269426,295403,1.7802670535946161,0.07819874050188433,21.903851176417145,0.346818764023371,0.5035861188019402,0.3753703493080526,0.5464182568500989,operation_enabled,operation_enabled
5.945561963000046,0.35,0.5,0.35,0.5,28.069144508934265,52.95519015603062,28.05,52.95,270244,296961,1.7872262569152129,0.08104097938190255,22.52777241551599,0.357006661602136,0.5178843901491965,0.37310207160448344,0.5404735983621443,operation_enabled,operation_enabled
5.965687516000116,0.35,0.5,0.35,0.5,28.069144508934265,52.95519015603062,28.05,52.95,271060,298517,1.7941424347028956,0.08395391814606265,23.15169365461483,0.36315913076432305,0.5268682474076007,0.37289000255084315,0.5410773008502764,operation_enabled,operation_enabled
5.985815946000002,0.35,0.5,0.35,0.5,28.069144508934265,52.95519015603062,28.05,52.95,271882,300078,1.8010584291873017,0.08695580247057322,23.774771756904077,0.3675778976088164,0.5320594861106445,0.37456571122046584,0.5402688824755277,operation_enabled,operation_enabled
6.0059476240001,0.35,0.5,0.35,0.5,28.069144508934265,52.95519015603062,28.05,52.95,272701,301641,1.8079383686251291,0.09003167932973932,24.402065543241285,0.37020085746710696,0.5366222176453793,0.37434812255823874,0.5438365320979628,operation_enabled,operation_enabled
6.026052875999994,0.35,0.5,0.35,0.5,28.069144508934265,52.95519015603062,28.05,52.95,273527,303218,1.8148444101284635,0.09321082939224394,25.035261287245646,0.37327606803885155,0.5416750598392875,0.3781447955091085,0.5496748084803694,operation_enabled,operation_enabled
6.046177158000091,0.35,0.5,0.35,0.5,28.069144508934265,52.95519015603062,28.05,52.95,273934,303998,1.8182426681608723,0.09480938540042252,25.34975131722384,0.3009746398633693,0.4375097825847121,0.18661399150159302,0.2727494321431562,operation_enabled,operation_enabled
6.066296663000003,0.35,0.5,0.35,0.5,28.069144508934265,52.95519015603062,28.05,52.95,274759,305568,1.8250725157452599,0.09809105895268044,25.977888240370643,0.33027031822137853,0.4790989389825315,0.3766188941125643,0.544896977450814,operation_enabled,operation_enabled
6.086413756000184,0.35,0.5,0.35,0.5,28.069144508934265,52.95519015603062,28.05,52.95,275574,307120,1.8317867498972833,0.10140777578069919,26.5992800690407,0.34653116173052306,0.5023385929960521,0.37226046191619944,0.5391103652592112,operation_enabled,operation_enabled
6.106529012999999,0.35,0.5,0.35,0.5,28.069144508934265,52.95519015603062,28.05,52.95,276386,308673,1.838458876489194,0.10479444659458802,27.22404444494913,0.3563857196328739,0.5177299942458119,0.37197986891129287,0.542085811226251,operation_enabled,operation_enabled
6.1266525510000065,0.35,0.5,0.35,0.5,28.069144508934265,52.95519015603062,28.05,52.95,277206,310234,1.8451385648416494,0.10827707157258243,27.84880882085756,0.3633408490457702,0.5270773259881962,0.37434232628010033,0.5418627384889179,operation_enabled,operation_enabled
6.146780113000204,0.35,0.5,0.35,0.5,28.069144508934265,52.95519015603062,28.05,52.95,278026,311797,1.8517854076693616,0.11183540876137137,28.475259470385176,0.3676953629725788,0.5333293263600438,0.3745818643402783,0.5432166317712221,operation_enabled,operation_enabled
6.166929239000183,0.35,0.5,0.35,0.5,28.069144508934265,52.95519015603062,28.05,52.95,278852,313371,1.8584399507763978,0.11549235209683208,29.105925803960762,0.37124411816956115,0.5383520972403992,0.37685033584295696,0.5462869209506431,operation_enabled,operation_enabled
6.187086130000125,0.35,0.5,0.35,0.5,28.069144508934265,52.95519015603062,28.05,52.95,279261,314153,1.8617271998960672,0.11733429283589272,29.420415833938957,0.2997851681230105,0.4352007839877621,0.18693993690061703,0.2723081891860667,operation_enabled,operation_enabled
6.207255428000053,0.35,0.5,0.35,0.5,28.069144508934265,52.95519015603062,28.05,52.95,280077,315710,1.8682465326736661,0.12105780224937623,30.045180209847388,0.32788741617028516,0.4760948106366374,0.37223810887891895,0.5406333630852497,operation_enabled,operation_enabled
6.227398640000047,0.35,0.5,0.35,0.5,28.069144508934265,52.95519015603062,28.05,52.95,280894,317266,1.8747249328147955,0.12485208173823657,30.66825831213663,0.3452628754965635,0.5008125679852826,0.37272016721617857,0.5398724087314769,operation_enabled,operation_enabled
6.24750678700002,0.35,0.5,0.35,0.5,28.069144508934265,52.95519015603062,28.05,52.95,281711,318825,1.8811697406298522,0.12872161425689857,31.293865824854652,0.356327291376293,0.517148962027229,0.37384214721741776,0.5430093047438024,operation_enabled,operation_enabled
6.267615692000163,0.35,0.5,0.35,0.5,28.069144508934265,52.95519015603062,28.05,52.95,282530,320387,1.8875853574767987,0.1326696226987759,31.920316474382272,0.36340740554374723,0.5274363740714346,0.3746147305313316,0.5437206270274935,operation_enabled,operation_enabled
6.287740382000038,0.35,0.5,0.35,0.5,28.069144508934265,52.95519015603062,28.05,52.95,283349,321948,1.89395477908378,0.13668580542051711,32.545923987100295,0.3675737800010487,0.5332955488025121,0.37416368612785567,0.5425629374767812,operation_enabled,operation_enabled
6.307877311000084,0.35,0.5,0.35,0.5,28.069144508934265,52.95519015603062,28.05,52.95,284170,323512,1.900293227541904,0.1407799240422281,33.172374636627914,0.3703435707843942,0.537041933921633,0.3747218540320415,0.5429639462645545,operation_enabled,operation_enabled
6.328022506000025,0.35,0.5,0.35,0.5,28.069144508934265,52.95519015603062,28.05,52.95,284578,324290,1.9034284110460091,0.14284157643860096,33.48433525617733,0.2989967646608255,0.4336469910808556,0.18626321337558482,0.2702748694025898,operation_enabled,operation_enabled
6.348190390000127,0.35,0.5,0.35,0.5,28.069144508934265,52.95519015603062,28.05,52.95,285394,325847,1.9096674691024629,0.14701774415381255,34.109099632085766,0.32741371303708605,0.47515660632759865,0.372264207036815,0.5406712676805533,operation_enabled,operation_enabled
6.368300088000069,0.35,0.5,0.35,0.5,28.069144508934265,52.95519015603062,28.05,52.95,286215,327411,1.9158918745443747,0.15128324682520203,34.73555028161338,0.34592630002422203,0.5016940025256388,0.37522927342968926,0.5436991861113728,operation_enabled,operation_enabled
6.388393633000078,0.35,0.5,0.35,0.5,28.069144508934265,52.95519015603062,28.05,52.95,287030,328966,1.9220305152012362,0.15558915971338466,35.35947152071221,0.35646860294760147,0.5172679292046385,0.37316908682764593,0.5419392096015269,operation_enabled,operation_enabled
6.408491770000182,0.35,0.5,0.35,0.5,28.069144508934265,52.95519015603062,28.05,52.95,287859,330545,1.928219243781,0.1600322249951362,35.99182412790699,0.3652143840357317,0.5296023044627478,0.3790657603236763,0.5491372174974063,operation_enabled,operation_enabled
6.428587119000213,0.35,0.5,0.35,0.5,28.069144508934265,52.95519015603062,28.05,52.95,288684,332118,1.9343331307269298,0.16452449739813046,36.62249046148256,0.3699858879318004,0.5366249615516298,0.3775439396087374,0.5477488349348014,operation_enabled,operation_enabled
6.44870410700014,0.35,0.5,0.35,0.5,28.069144508934265,52.95519015603062,28.05,52.95,289506,333685,1.940374542215713,0.1690665483196002,37.25062738462937,0.37220736123556974,0.5398547225776584,0.3757223850278279,0.5449651539434264,operation_enabled,operation_enabled
6.468897243000129,0.35,0.5,0.35,0.5,28.069144508934265,52.95519015603062,28.05,52.95,290326,335249,1.9463532915475332,0.17366486915726617,37.87792117096658,0.37271769502016644,0.5407578058295883,0.37352214802286404,0.5421813604826965,operation_enabled,operation_enabled
6.489024203000099,0.35,0.5,0.35,0.5,28.069144508934265,52.95519015603062,28.05,52.95,290735,336029,1.9493162389969263,0.1759826371496129,38.19072492732558,0.3007388356250227,0.43635885608703906,0.18690354931382192,0.27125087251521873,operation_enabled,operation_enabled
6.509160833000124,0.35,0.5,0.35,0.5,28.069144508934265,52.95519015603062,28.05,52.95,291548,337580,1.9551694270419504,0.18063878045892232,38.81295989280524,0.32812974182309984,0.476253930972389,0.37142793141276903,0.5393180918872693,operation_enabled,operation_enabled
6.529294171000174,0.35,0.5,0.35,0.5,28.069144508934265,52.95519015603062,28.05,52.95,292368,339145,1.961023002267704,0.18540043880067825,39.44109681595204,0.3462075353893066,0.5027043092526869,0.37478868975376856,0.5445225954201308,operation_enabled,operation_enabled
6.549414886000022,0.35,0.5,0.35,0.5,28.069144508934265,52.95519015603062,28.05,52.95,293188,340707,1.9668168341721655,0.19021978523248254,40.06670432867006,0.35718528343596545,0.5181829313279569,0.3745520903874714,0.5426701249048167,operation_enabled,operation_enabled
6.569537168000124,0.35,0.5,0.35,0.5,28.069144508934265,52.95519015603062,28.05,52.95,294008,342271,1.9725624478786987,0.19510628922144563,40.693998115007275,0.3640222068908372,0.5282173116635805,0.37483738345359713,0.5440904738752075,operation_enabled,operation_enabled
6.589656863000073,0.35,0.5,0.35,0.5,28.069144508934265,52.95519015603062,28.05,52.95,294820,343822,1.9782042627828906,0.2000116014223385,41.31707621729652,0.3669505074388005,0.5329755392834026,0.37158331630661134,0.540503441133336,operation_enabled,operation_enabled
6.609773765999989,0.35,0.5,0.35,0.5,28.069144508934265,52.95519015603062,28.05,52.95,295636,345377,1.9838113198176373,0.20499478956606978,41.94015431958576,0.369251773313467,0.5359197811413169,0.37289306779426645,0.5405784569359664,operation_enabled,operation_enabled
6.629902943000161,0.35,0.5,0.35,0.5,28.069144508934265,52.95519015603062,28.05,52.95,296051,346170,1.986647105412066,0.20755707417083302,42.25886003361192,0.29975967053333563,0.4353588992501832,0.1898693191969287,0.2763383746205107,operation_enabled,operation_enabled
6.650015101000008,0.35,0.5,0.35,0.5,28.069144508934265,52.95519015603062,28.05,52.95,296880,347747,1.9922527066531228,0.21270703091746318,42.8895263671875,0.33024249954200147,0.4786985346126977,0.37848687904808004,0.5472910466623437,operation_enabled,operation_enabled
6.67011235200016,0.35,0.5,0.35,0.5,28.069144508934265,52.95519015603062,28.05,52.95,297704,349318,1.9977759535221202,0.21789451009929292,43.51934956395349,0.3483524783484092,0.5051189158073002,0.377035930093202,0.546964780850846,operation_enabled,operation_enabled
6.690215019000107,0.35,0.5,0.35,0.5,28.069144508934265,52.95519015603062,28.05,52.95,298525,350883,2.003221420275717,0.22312254825813305,44.1466433502907,0.35886776612158305,0.5204096666620844,0.37551789545157543,0.5446213653598942,operation_enabled,operation_enabled
6.710316718000058,0.35,0.5,0.35,0.5,28.069144508934265,52.95519015603062,28.05,52.95,299341,352439,2.0085778645969348,0.22837870956352252,44.77056458938954,0.36446666168249364,0.5286580635607635,0.37333249838989174,0.541719378815875,operation_enabled,operation_enabled
6.730439385000182,0.35,0.5,0.35,0.5,28.069144508934265,52.95519015603062,28.05,52.95,300164,354011,2.013927780107041,0.23374476930717994,45.40207405977471,0.3691505372361662,0.5360475213614369,0.37655971363599133,0.5477365160234161,operation_enabled,operation_enabled
6.750547203999986,0.35,0.5,0.35,0.5,28.069144508934265,52.95519015603062,28.05,52.95,300990,355580,2.019218467482076,0.23916923513458202,46.028524709302324,0.3721266074199452,0.5390294901009396,0.37683777257158535,0.5437499927575626,operation_enabled,operation_enabled
6.770698453000023,0.35,0.5,0.35,0.5,28.069144508934265,52.95519015603062,28.05,52.95,301398,356362,2.0218250132296998,0.24188600493201445,46.34385787609012,0.30029722876178894,0.4359459039049277,0.1868352724071812,0.2731146839174742,operation_enabled,operation_enabled
6.790821934000178,0.35,0.5,0.35,0.5,28.069144508934265,52.95519015603062,28.05,52.95,302212,357919,2.0269737100149126,0.24734147631963074,46.97030852561774,0.3283685016951793,0.4775376540864523,0.37277117582691977,0.5433267949729803,operation_enabled,operation_enabled
6.810966015000076,0.35,0.5,0.35,0.5,28.069144508934265,52.95519015603062,28.05,52.95,303029,359472,2.0320605901255058,0.2528503284364768,47.5908572174782,0.34536911659209074,0.5008384532269687,0.37223290746404764,0.537657580008908,operation_enabled,operation_enabled
6.831094150000126,0.35,0.5,0.35,0.5,28.069144508934265,52.95519015603062,28.05,52.95,303842,361024,2.0370767807187553,0.25840232333766777,48.213935319767444,0.35558550249946497,0.51611623943611,0.37174187583150947,0.5402768007069875,operation_enabled,operation_enabled
6.851222216999986,0.35,0.5,0.35,0.5,28.069144508934265,52.95519015603062,28.05,52.95,304655,362571,2.0420220286116457,0.2639965047488503,48.83279773800872,0.3615402424935611,0.524060274660916,0.3709572054328638,0.536623154883173,operation_enabled,operation_enabled
6.871323143000154,0.35,0.5,0.35,0.5,28.069144508934265,52.95519015603062,28.05,52.95,305474,364135,2.0469537066920855,0.2696992086148864,49.46093466115552,0.3667802965183652,0.5323203333323927,0.3750782276694889,0.5454006179698625,operation_enabled,operation_enabled
6.891449315000045,0.35,0.5,0.35,0.5,28.069144508934265,52.95519015603062,28.05,52.95,306295,365703,2.051834744532141,0.27547020037347525,50.09075785792151,0.37017769881881013,0.537688561657353,0.3755509349194508,0.5461788008699364,operation_enabled,operation_enabled
6.911792784999989,0.35,0.5,0.35,0.5,28.069144508934265,52.95519015603062,28.05,52.95,306706,366490,2.0542584282140943,0.27838428747943944,50.40777729832848,0.2984869859613112,0.43408579818643267,0.18631407421042123,0.2719807893121031,operation_enabled,operation_enabled
6.931960652000043,0.35,0.5,0.35,0.5,28.069144508934265,52.95519015603062,28.05,52.95,307529,368054,2.0590396878666946,0.2842300405046322,51.03254167423692,0.32795358071268965,0.475425376505365,0.3744607716888585,0.5406717234271766,operation_enabled,operation_enabled
6.952064956000186,0.35,0.5,0.35,0.5,28.069144508934265,52.95519015603062,28.05,52.95,308353,369623,2.063768604350649,0.29014254376575555,51.660678597383715,0.3467804615970964,0.5024775233745881,0.3765889161025042,0.5453089777283854,operation_enabled,operation_enabled
6.972203037000099,0.35,0.5,0.35,0.5,28.069144508934265,52.95519015603062,28.05,52.95,309172,371186,2.0684110242390688,0.29607908507366665,52.287972383720934,0.3574168428622197,0.5184371872405104,0.3742290967702426,0.5436636166540929,operation_enabled,operation_enabled
6.9923288260001755,0.35,0.5,0.35,0.5,28.069144508934265,52.95519015603062,28.05,52.95,309998,372765,2.0730319668515045,0.30212421074437834,52.92285440134448,0.3654182650336158,0.5308864606305972,0.3780733305352759,0.5505762566224682,operation_enabled,operation_enabled
7.012458423999988,0.35,0.5,0.35,0.5,28.069144508934265,52.95519015603062,28.05,52.95,310825,374344,2.0775875807853863,0.308222669170689,53.55689328215843,0.3703540279273841,0.5381907472933941,0.37815896335113286,0.5497410358600628,operation_enabled,operation_enabled
7.032567961000041,0.35,0.5,0.35,0.5,28.069144508934265,52.95519015603062,28.05,52.95,311649,375912,2.08204967765884,0.3143351271282393,54.18418706849564,0.37266910248386376,0.5406084202300513,0.3763335882379519,0.5444353069320919,operation_enabled,operation_enabled
7.052712792000193,0.35,0.5,0.35,0.5,28.069144508934265,52.95519015603062,28.05,52.95,312059,376693,2.084246364555531,0.317396714873209,54.49699082485465,0.30072741528551716,0.4361173349218654,0.1870518512472667,0.27101023885629016,operation_enabled,operation_enabled
7.072809227000107,0.35,0.5,0.35,0.5,28.069144508934265,52.95519015603062,28.05,52.95,312895,378283,2.088669101618949,0.3236697962216246,55.132715979287795,0.33215427131062264,0.48100870920128425,0.3819316520475967,0.5521127046988784,operation_enabled,operation_enabled
7.092920196000023,0.35,0.5,0.35,0.5,28.069144508934265,52.95519015603062,28.05,52.95,313712,379847,2.092941543386398,0.32987408066259755,55.762539176053785,0.3485792928829832,0.5064012302005612,0.3745762836161812,0.5465916878022472,operation_enabled,operation_enabled
7.1144166070000665,0.35,0.5,0.35,0.5,28.069144508934265,52.95519015603062,28.05,52.95,314528,381401,2.097126518369725,0.3360957992597975,56.384774141533434,0.34867466773536054,0.5059181744571689,0.34881589483789854,0.5052028856645454,operation_enabled,operation_enabled
7.1345509190000485,0.35,0.5,0.35,0.5,28.069144508934265,52.95519015603062,28.05,52.95,315396,383051,2.101498626777426,0.3427553553292395,57.04410712663518,0.3668832206803516,0.5313431613296473,0.39566971418207564,0.5715383499092731,operation_enabled,operation_enabled
7.154735955000206,0.35,0.5,0.35,0.5,28.069144508934265,52.95519015603062,28.05,52.95,316219,384626,2.1055905292516286,0.3491441308644808,57.678146007449136,0.37036918896276366,0.5378966266989645,0.37586642051194813,0.548231177580125,operation_enabled,operation_enabled
7.174861107000197,0.35,0.5,0.35,0.5,28.069144508934265,52.95519015603062,28.05,52.95,317043,386197,2.1096066902905255,0.3555695994658712,58.30796920421513,0.372749071257677,0.5411154399982756,0.37651321705108515,0.5462064827638211,operation_enabled,operation_enabled
7.195160461000114,0.35,0.5,0.35,0.5,28.069144508934265,52.95519015603062,28.05,52.95,317454,386980,2.1115824674078683,0.35878933202665536,58.621616097383736,0.3000669110697791,0.4354164819605645,0.18609554953238036,0.2696721764872638,operation_enabled,operation_enabled
7.2152825000000576,0.35,0.5,0.35,0.5,28.069144508934265,52.95519015603062,28.05,52.95,318271,388539,2.1154615025698273,0.3652284248120005,59.24722361010175,0.3285409929801316,0.47694329165417837,0.37358405135059647,0.5426344180215774,operation_enabled,operation_enabled
7.235422873000061,0.35,0.5,0.35,0.5,28.069144508934265,52.95519015603062,28.05,52.95,319093,390104,2.1192875839906224,0.3717395207415598,59.87367425962937,0.34653430442372646,0.5024921824355879,0.3749719550952363,0.5428710995328582,operation_enabled,operation_enabled
7.255543807000095,0.35,0.5,0.35,0.5,28.069144508934265,52.95519015603062,28.05,52.95,319908,391658,2.1230141264941267,0.37824253859121243,60.49675236191861,0.3565922986040241,0.5172010190905644,0.3725038809528478,0.5404701581948118,operation_enabled,operation_enabled
7.275736483000173,0.35,0.5,0.35,0.5,28.069144508934265,52.95519015603062,28.05,52.95,320723,393210,2.1266667413561935,0.38478011883430463,61.118144190588666,0.3621329613954296,0.5249217506618687,0.37086705757222255,0.5370924267411952,operation_enabled,operation_enabled
7.295886772000131,0.35,0.5,0.35,0.5,28.069144508934265,52.95519015603062,28.05,52.95,321545,394778,2.130282601587814,0.39142107277267096,61.747124250545056,0.3672209994328433,0.5326254473730274,0.3752584663326549,0.5447948153822333,operation_enabled,operation_enabled
7.315985675000093,0.35,0.5,0.35,0.5,28.069144508934265,52.95519015603062,28.05,52.95,322361,396339,2.133806121317439,0.3980649579472348,62.37526117369186,0.3699111155664478,0.5375911858361795,0.374171500127289,0.5454555137799851,operation_enabled,operation_enabled
7.336225724000087,0.35,0.5,0.35,0.5,28.069144508934265,52.95519015603062,28.05,52.95,323186,397906,2.137278516155157,0.40478916258075814,63.00086868640988,0.37146428439167833,0.5383217066898476,0.37390691183780494,0.539470577474627,operation_enabled,operation_enabled
7.356333317999997,0.35,0.5,0.35,0.5,28.069144508934265,52.95519015603062,28.05,52.95,323608,398711,2.139031109977561,0.40825304781362615,63.32379008448401,0.30239757463496136,0.4384284782578815,0.1930626809532615,0.280294182464696,operation_enabled,operation_enabled
7.376442191000024,0.35,0.5,0.35,0.5,28.069144508934265,52.95519015603062,28.05,52.95,324428,400274,2.142379021022743,0.41500832536225246,63.95024073401163,0.3304789986003143,0.4791933894582041,0.37492999725289167,0.5437214922735628,operation_enabled,operation_enabled
7.396545285999991,0.35,0.5,0.35,0.5,28.069144508934265,52.95519015603062,28.05,52.95,325247,401835,2.1456488021895757,0.42179122934085345,64.57584824672965,0.34754442897722104,0.5039486291954632,0.37456561751042605,0.5431457654733949,operation_enabled,operation_enabled
7.416760651000004,0.35,0.5,0.35,0.5,28.069144508934265,52.95519015603062,28.05,52.95,326066,403400,2.1488494974441106,0.42862098372349017,65.20482830668604,0.3574749238650613,0.5191325458437336,0.3731114196567284,0.5430410470265322,operation_enabled,operation_enabled
7.436895150000055,0.35,0.5,0.35,0.5,28.069144508934265,52.95519015603062,28.05,52.95,326895,404978,2.1520050267486104,0.43555175784691486,65.83633777707121,0.3655143606085853,0.5300906993540747,0.37822404955990435,0.5474146397046761,operation_enabled,operation_enabled
7.457008932000008,0.35,0.5,0.35,0.5,28.069144508934265,52.95519015603062,28.05,52.95,327718,406548,2.1550661691758743,0.4424763336374189,66.4661609738372,0.3697338784285015,0.5364505257246525,0.3764114601831965,0.5465152445735095,operation_enabled,operation_enabled
7.477120782000156,0.35,0.5,0.35,0.5,28.069144508934265,52.95519015603062,28.05,52.95,328544,408125,2.158063277294011,0.44946330345944474,67.09935671784156,0.3729424844204806,0.5415010397819003,0.37802073932049207,0.5494944792453029,operation_enabled,operation_enabled
7.497246057000211,0.35,0.5,0.35,0.5,28.069144508934265,52.95519015603062,28.05,52.95,328953,408904,2.1595164585255353,0.452929652718671,67.41131733739097,0.300825411873338,0.4365451208810479,0.1867619908551083,0.2705423875044636,operation_enabled,operation_enabled
7.517378520000193,0.35,0.5,0.35,0.5,28.069144508934265,52.95519015603062,28.05,52.95,329770,410460,2.162362547148824,0.45987702666690206,68.03439543968021,0.3287570604784791,0.4766894112062117,0.3729191676604774,0.5401606540657841,operation_enabled,operation_enabled
7.537498787000004,0.35,0.5,0.35,0.5,28.069144508934265,52.95519015603062,28.05,52.95,330589,412024,2.1651442828933547,0.4668844674494127,68.66253236282702,0.3465572051093408,0.5030976128267748,0.37471767639711157,0.544876340973071,operation_enabled,operation_enabled
7.557620309000185,0.35,0.5,0.35,0.5,28.069144508934265,52.95519015603062,28.05,52.95,331404,413582,2.167837783057218,0.4738924112324145,69.28898301235463,0.3568458882088755,0.5186991062123846,0.37312194101623497,0.5433796924216477,operation_enabled,operation_enabled
7.577739979000171,0.35,0.5,0.35,0.5,28.069144508934265,52.95519015603062,28.05,52.95,332223,415142,2.17046122162695,0.4809471394642874,69.91374738826306,0.36352805268525856,0.5277103598699765,0.3740997917542413,0.5419669114243678,operation_enabled,operation_enabled
7.597822078000036,0.35,0.5,0.35,0.5,28.069144508934265,52.95519015603062,28.05,52.95,333046,416710,2.1730202141513284,0.4880658563331256,70.54188431140987,0.3686197174374919,0.5347514700960372,0.37669022454822926,0.5459119319316251,operation_enabled,operation_enabled
7.618114364000121,0.35,0.5,0.35,0.5,28.069144508934265,52.95519015603062,28.05,52.95,333874,418290,2.1755182790929113,0.4952631376902199,71.17592319222383,0.3712745554639726,0.5388712474369727,0.37543900095839305,0.5453336334712037,operation_enabled,operation_enabled
7.638226555000074,0.35,0.5,0.35,0.5,28.069144508934265,52.95519015603062,28.05,52.95,334289,419077,2.1767354873982736,0.49886600395604935,71.48957008539243,0.30073180704019614,0.4356101356258809,0.1890858196790147,0.27218173168979404,operation_enabled,operation_enabled
7.658340042000191,0.35,0.5,0.35,0.5,28.069144508934265,52.95519015603062,28.05,52.95,335110,420643,2.179093796726959,0.5060403780255985,72.11770700853924,0.32967251210718096,0.47799036251268545,0.37547318573427024,0.5450600118315905,operation_enabled,operation_enabled
7.678466694999997,0.35,0.5,0.35,0.5,28.069144508934265,52.95519015603062,28.05,52.95,335943,422234,2.1814079470086707,0.5133519961912425,72.75680471021074,0.3495720429957544,0.5075146620146643,0.38104383024380567,0.5542083493069397,operation_enabled,operation_enabled
7.698581387000104,0.35,0.5,0.35,0.5,28.069144508934265,52.95519015603062,28.05,52.95,336779,423827,2.1836450576226705,0.5207040895011515,73.39505927507267,0.36215099357300823,0.5254399736031259,0.382056863006833,0.5538063233911413,operation_enabled,operation_enabled
7.718711152000196,0.35,0.5,0.35,0.5,28.069144508934265,52.95519015603062,28.05,52.95,337597,425387,2.185755680309771,0.527925534945633,74.02066678779069,0.3666464273445063,0.5320204734620532,0.37375501014289336,0.5424261496391867,operation_enabled,operation_enabled
7.738939568000205,0.35,0.5,0.35,0.5,28.069144508934265,52.95519015603062,28.05,52.95,338418,426951,2.187793255405342,0.5351909340313572,74.6471174373183,0.36912572792646814,0.5353185322673809,0.37302710056018956,0.5405082847569029,operation_enabled,operation_enabled
7.75930865600003,0.35,0.5,0.35,0.5,28.069144508934265,52.95519015603062,28.05,52.95,338833,427742,2.1887932977149855,0.5388731304759568,74.96413687772528,0.298183897707484,0.4324275479678168,0.18732235151126345,0.27163872177189646,operation_enabled,operation_enabled
7.779440407000038,0.35,0.5,0.35,0.5,28.069144508934265,52.95519015603062,28.05,52.95,339666,429333,2.19074150418079,0.5462906464545791,75.6032345793968,0.3302486614287897,0.479554305195176,0.3809473378163274,0.5540680061109374,operation_enabled,operation_enabled
7.799563345000024,0.35,0.5,0.35,0.5,28.069144508934265,52.95519015603062,28.05,52.95,340493,430909,2.192591181873717,0.5536648650523094,76.23474404978197,0.34867119712430683,0.5059599698671731,0.37781244499010547,0.5477291395398949,operation_enabled,operation_enabled
7.819709590999992,0.35,0.5,0.35,0.5,28.069144508934265,52.95519015603062,28.05,52.95,341314,432476,2.194348595074335,0.5610128280395275,76.86372410973836,0.3588838059531909,0.5210546351049672,0.3750196873177236,0.5449041461941915,operation_enabled,operation_enabled
7.839820892000034,0.35,0.5,0.35,0.5,28.069144508934265,52.95519015603062,28.05,52.95,342138,434044,2.196028156815413,0.5683919555725635,77.49101789607556,0.36562732792808783,0.5300888026064381,0.3763005793119878,0.5443875534886035,operation_enabled,operation_enabled
7.859934598000109,0.35,0.5,0.35,0.5,28.069144508934265,52.95519015603062,28.05,52.95,342955,435607,2.1976187018489415,0.5757519430500192,78.11999795603195,0.36901184321471225,0.536166856359415,0.3743680151487592,0.5457856933769286,operation_enabled,operation_enabled
7.880051109000078,0.35,0.5,0.35,0.5,28.069144508934265,52.95519015603062,28.05,52.95,343780,437175,2.1991367661922046,0.5831692086953251,78.74644860555958,0.37185754801950954,0.5390124210704574,0.3763603963142713,0.5435150476904609,operation_enabled,operation_enabled
7.900196541000014,0.35,0.5,0.35,0.5,28.069144508934265,52.95519015603062,28.05,52.95,344195,437967,2.1998716065103276,0.5869165835769137,79.06431118277614,0.30120086166135496,0.43683359707078473,0.1895590671698802,0.2753849379512719,operation_enabled,operation_enabled
7.920302093000146,0.35,0.5,0.35,0.5,28.069144508934265,52.95519015603062,28.05,52.95,345023,439547,2.2012754755751334,0.5944045966000344,79.6983500635901,0.3312896195533307,0.48079658396518493,0.3789259595053182,0.5503985195626967,operation_enabled,operation_enabled
7.9404040180002085,0.35,0.5,0.35,0.5,28.069144508934265,52.95519015603062,28.05,52.95,345846,441117,2.2025884435914556,0.6018608998279447,80.3281732603561,0.3488410893889224,0.5063594019422739,0.3766334842252776,0.5468376033125345,operation_enabled,operation_enabled
7.960510914999986,0.35,0.5,0.35,0.5,28.069144508934265,52.95519015603062,28.05,52.95,346670,442687,2.2038199399963343,0.6093342978287708,80.95715332031249,0.35962531803982284,0.5216941932305363,0.37669770168254024,0.545970518263051,operation_enabled,operation_enabled
7.980631144000199,0.35,0.5,0.35,0.5,28.069144508934265,52.95519015603062,28.05,52.95,347494,444258,2.2049697475659737,0.6168238998736466,81.58697651707848,0.3662015252123174,0.5312393372301143,0.3766053419709419,0.5463401280813587,operation_enabled,operation_enabled
8.000792600000068,0.35,0.5,0.35,0.5,28.069144508934265,52.95519015603062,28.05,52.95,348324,445842,2.2060452363926935,0.6243852562431981,82.22270167151163,0.3710934409415858,0.5386430775710362,0.37881681736347833,0.5503321328915871,operation_enabled,operation_enabled
8.020933913000135,0.35,0.5,0.35,0.5,28.069144508934265,52.95519015603062,28.05,52.95,349152,447420,2.2070336999995743,0.6319329549872533,82.85505427870639,0.37374636878418444,0.5422537740881722,0.3779390108409786,0.5479600574740165,operation_enabled,operation_enabled
8.04105441500019,0.35,0.5,0.35,0.5,28.069144508934265,52.95519015603062,28.05,52.95,349566,448208,2.2074963219645674,0.6357076366845916,83.17038744549419,0.30219819190570696,0.43817945243680745,0.18900771565027163,0.2735320421514592,operation_enabled,operation_enabled
8.061164309000105,0.35,0.5,0.35,0.5,28.069144508934265,52.95519015603062,28.05,52.95,350389,449780,2.2083559229244583,0.643236068083464,83.80189691587935,0.3310812612981499,0.4807312355965953,0.37679888930248273,0.5480844163471565,operation_enabled,operation_enabled
8.081264537000152,0.35,0.5,0.35,0.5,28.069144508934265,52.95519015603062,28.05,52.95,351207,451334,2.2091257520652694,0.6507010594785557,84.42244560773982,0.3474453814985648,0.5032188735861665,0.37335982007348967,0.5388305964431712,operation_enabled,operation_enabled
8.101372513000115,0.35,0.5,0.35,0.5,28.069144508934265,52.95519015603062,28.05,52.95,352027,452900,2.209818200217372,0.6582181070137936,85.05142566769621,0.3582751663517264,0.5197586708105425,0.3754187494951077,0.5459412213168879,operation_enabled,operation_enabled
8.121487806000005,0.35,0.5,0.35,0.5,28.069144508934265,52.95519015603062,28.05,52.95,352848,454464,2.2104279982895716,0.6657391363619662,85.67787631722383,0.36479993411374234,0.5289706580407959,0.37512490469067766,0.5435479580423647,operation_enabled,operation_enabled
8.141592462000062,0.35,0.5,0.35,0.5,28.069144508934265,52.95519015603062,28.05,52.95,353674,456044,2.2109595596894644,0.6733327029034982,86.31360147165698,0.3701529191421558,0.5378417132083635,0.37862811043681377,0.551886940148384,operation_enabled,operation_enabled
8.161790677999988,0.35,0.5,0.35,0.5,28.069144508934265,52.95519015603062,28.05,52.95,354508,457630,2.211409550792323,0.6809759103710739,86.94764035247093,0.3736135331380579,0.5417361213623423,0.3790672209645752,0.5478734387187402,operation_enabled,operation_enabled
8.181943542999988,0.35,0.5,0.35,0.5,28.069144508934265,52.95519015603062,28.05,52.95,354920,458417,2.2116010929737837,0.6847645053083229,87.26381665606831,0.3017461316120289,0.4378727670886134,0.1882332171947733,0.27382297824947144,operation_enabled,operation_enabled
8.202096178000147,0.35,0.5,0.35,0.5,28.069144508934265,52.95519015603062,28.05,52.95,355749,459999,2.211923012143497,0.6923856774517689,87.89869867369185,0.3315060315263618,0.4812805051514246,0.3785116481839243,0.5498428155498439,operation_enabled,operation_enabled
8.222230334000187,0.35,0.5,0.35,0.5,28.069144508934265,52.95519015603062,28.05,52.95,356568,461559,2.212157977417591,0.6999087361166147,88.52346304960028,0.3479049121551015,0.5046426769915556,0.3738306367122436,0.541576980368481,operation_enabled,operation_enabled
8.24237634300016,0.35,0.5,0.35,0.5,28.069144508934265,52.95519015603062,28.05,52.95,357396,463136,2.2123121208990284,0.7075161601922316,89.15497251998545,0.35945095392350285,0.5210996414662153,0.377693868642632,0.5471018858257145,operation_enabled,operation_enabled
8.262513734000095,0.35,0.5,0.35,0.5,28.069144508934265,52.95519015603062,28.05,52.95,358224,464715,2.2123823546901615,0.7151311493069004,89.78816826398982,0.3667043519699774,0.5318323854243068,0.37816973150512445,0.5487975350196587,operation_enabled,operation_enabled
8.282631926000022,0.35,0.5,0.35,0.5,28.069144508934265,52.95519015603062,28.05,52.95,359053,466293,2.2123685420540427,0.7227464499807131,90.41967773437499,0.37128427382218687,0.5380387099546275,0.3785306228157382,0.5478583520719373,operation_enabled,operation_enabled
8.30276059400012,0.35,0.5,0.35,0.5,28.069144508934265,52.95519015603062,28.05,52.95,359461,467077,2.2123304856070196,0.7265175449164021,90.73669717478197,0.300033492825093,0.436094819623716,0.18735923147018782,0.2748832177024763,operation_enabled,operation_enabled
8.32289335900009,0.35,0.5,0.35,0.5,28.069144508934265,52.95519015603062,28.05,52.95,360291,468662,2.2121898075451987,0.7341568728676938,91.37326546602469,0.3308272387743064,0.48094181223911897,0.37951381395799694,0.5518473292662867,operation_enabled,operation_enabled
8.3430851170001,0.35,0.5,0.35,0.5,28.069144508934265,52.95519015603062,28.05,52.95,361113,470230,2.2119671006375397,0.7417151210813607,92.00224552598108,0.34777334520748465,0.5052910127937121,0.3744877759668109,0.5436759382528773,operation_enabled,operation_enabled
8.363216030000103,0.35,0.5,0.35,0.5,28.069144508934265,52.95519015603062,28.05,52.95,361965,471848,2.2116500556994603,0.749523319072479,92.64808832212935,0.3634324799745097,0.5264625594572581,0.3881926952982147,0.5599389974549147,operation_enabled,operation_enabled
8.383326934000024,0.35,0.5,0.35,0.5,28.069144508934265,52.95519015603062,28.05,52.95,362789,473423,2.211257497366612,0.7571031630680273,93.28128406613371,0.36884401458115024,0.5353900845496004,0.3774092434973947,0.5495203270094,operation_enabled,operation_enabled
8.403452072000164,0.35,0.5,0.35,0.5,28.069144508934265,52.95519015603062,28.05,52.95,363611,474989,2.2107837694642707,0.7646434976868193,93.90857785247091,0.3713885110662967,0.5387302606696042,0.3754130220364894,0.5440132608685835,operation_enabled,operation_enabled
8.423718277000035,0.35,0.5,0.35,0.5,28.069144508934265,52.95519015603062,28.05,52.95,364029,475787,2.210510794557938,0.768481019963325,94.22896984011626,0.3007625976858063,0.4364959088545783,0.18983444685582349,0.27592216112765044,operation_enabled,operation_enabled
8.443866554000124,0.35,0.5,0.35,0.5,28.069144508934265,52.95519015603062,28.05,52.95,364854,477356,2.209910914761886,0.7760314112372454,94.85626362645347,0.32989678687307555,0.4779297660330664,0.37592404987038075,0.5433884966360927,operation_enabled,operation_enabled
8.464019888000166,0.35,0.5,0.35,0.5,28.069144508934265,52.95519015603062,28.05,52.95,365672,478921,2.2092313785844206,0.7835401067028684,95.48608682321947,0.3470346377171508,0.5041032394389496,0.3741028506073898,0.5454426790614142,operation_enabled,operation_enabled
8.484127285000113,0.35,0.5,0.35,0.5,28.069144508934265,52.95519015603062,28.05,52.95,366501,480498,2.208461935254276,0.791113268309991,96.11675315679504,0.35924573498985257,0.5208731106555307,0.3785764966148562,0.5474206334317546,operation_enabled,operation_enabled
8.504232198000182,0.35,0.5,0.35,0.5,28.069144508934265,52.95519015603062,28.05,52.95,367326,482071,2.2076120163104966,0.7986523506625932,96.74741949037063,0.3662596303939119,0.531176107463047,0.3773643402116741,0.547488268282352,operation_enabled,operation_enabled
8.524341669000023,0.35,0.5,0.35,0.5,28.069144508934265,52.95519015603062,28.05,52.95,368156,483651,2.2066743868457266,0.8062192850151205,97.3797720975654,0.371256810624369,0.5380101729081999,0.3791667743942226,0.5488277155180293,operation_enabled,operation_enabled
8.544443236000006,0.35,0.5,0.35,0.5,28.069144508934265,52.95519015603062,28.05,52.95,368981,485229,2.20565610223045,0.813753440420375,98.01465411518895,0.373949779447641,0.5431309305655552,0.37821411664897925,0.5512396903805928,operation_enabled,operation_enabled
8.564557027000092,0.35,0.5,0.35,0.5,28.069144508934265,52.95519015603062,28.05,52.95,369395,486017,2.2051155135013008,0.8175177471061581,98.32998728197673,0.302361881397362,0.4387735714294481,0.18907077839035272,0.27362330657428285,operation_enabled,operation_enabled
8.584649807000005,0.35,0.5,0.35,0.5,28.069144508934265,52.95519015603062,28.05,52.95,370215,487578,2.203983547926437,0.8249652679796168,98.95475165788517,0.33043767988857414,0.4789866496366758,0.37491536900026123,0.5426922212265584,operation_enabled,operation_enabled
8.604757917000143,0.35,0.5,0.35,0.5,28.069144508934265,52.95519015603062,28.05,52.95,371034,489138,2.202771461022058,0.8323937581149656,99.5795160337936,0.34742463509642657,0.5034899468275968,0.37431485888565236,0.5422784840890121,operation_enabled,operation_enabled
8.624880130000065,0.35,0.5,0.35,0.5,28.069144508934265,52.95519015603062,28.05,52.95,371855,490709,2.2014708868865855,0.839849021252148,100.21186864098836,0.35852966212521287,0.5209153036397878,0.37609651667353977,0.5484801810398127,operation_enabled,operation_enabled
8.644988050000165,0.35,0.5,0.35,0.5,28.069144508934265,52.95519015603062,28.05,52.95,372687,492295,2.2000728611730054,0.8473703096355708,100.8475937954215,0.36701786845903844,0.5328711542093914,0.3804547629364934,0.5517973555968144,operation_enabled,operation_enabled
8.665084059000037,0.35,0.5,0.35,0.5,28.069144508934265,52.95519015603062,28.05,52.95,373507,493861,2.198611511404471,0.854776384503163,101.4765738553779,0.3703555699451007,0.538055152461043,0.37564230812356564,0.5462663246070684,operation_enabled,operation_enabled
8.68517612100004,0.35,0.5,0.35,0.5,28.069144508934265,52.95519015603062,28.05,52.95,374324,495420,2.1970756306597137,0.862135046067869,102.10218136809591,0.3718205412197876,0.5401404197591655,0.37414143212540013,0.5434440189434009,operation_enabled,operation_enabled
8.705294683000147,0.35,0.5,0.35,0.5,28.069144508934265,52.95519015603062,28.05,52.95,374736,496198,2.1962763744960134,0.8658141913443953,102.41076944040695,0.3002986421669274,0.4346347789167577,0.18713882713122346,0.26770690142672576,operation_enabled,operation_enabled
8.725382486000171,0.35,0.5,0.35,0.5,28.069144508934265,52.95519015603062,28.05,52.95,375555,497765,2.194613428621234,0.8731776209824963,103.04143577398254,0.3295090916493886,0.47847913884074855,0.3757957604808604,0.547954597242994,operation_enabled,operation_enabled
8.745513766000158,0.35,0.5,0.35,0.5,28.069144508934265,52.95519015603062,28.05,52.95,376381,499341,2.1928577314142648,0.8805715263367151,103.6737883811773,0.34810128960256476,0.5055033151960329,0.3774987268960994,0.5482331490658455,operation_enabled,operation_enabled
8.765622030000031,0.35,0.5,0.35,0.5,28.069144508934265,52.95519015603062,28.05,52.95,377217,500935,2.1909986839835542,0.8880314538397353,104.31288608284882,0.36135537580052024,0.5245556690794562,0.3823363350179246,0.5547151726358251,operation_enabled,operation_enabled
8.78585560700003,0.35,0.5,0.35,0.5,28.069144508934265,52.95519015603062,28.05,52.95,378038,502499,2.1890933141937676,0.8953326388195246,104.93933673237643,0.3658543194871378,0.5307016708871772,0.372931952141189,0.540370416734247,operation_enabled,operation_enabled
8.805982090000043,0.35,0.5,0.35,0.5,28.069144508934265,52.95519015603062,28.05,52.95,378864,504075,2.1870937045871006,0.9026643419293505,105.57168933957121,0.37039980297177383,0.5375433600775366,0.37758870095580743,0.5483638164259544,operation_enabled,operation_enabled
8.826088558000038,0.35,0.5,0.35,0.5,28.069144508934265,52.95519015603062,28.05,52.95,379690,505650,2.1850142209158845,0.9099705024428947,106.20319880995638,0.37326742413480196,0.5416602568541641,0.3778072178271698,0.5481778060547451,operation_enabled,operation_enabled
8.846236080000153,0.35,0.5,0.35,0.5,28.069144508934265,52.95519015603062,28.05,52.95,380103,506435,2.183946607845005,0.9136073072710181,106.51684570312497,0.30150432788540177,0.4370219957267036,0.18812610202114013,0.27170442967684183,operation_enabled,operation_enabled
8.86639176000017,0.35,0.5,0.35,0.5,28.069144508934265,52.95519015603062,28.05,52.95,380927,508009,2.181749584586172,0.9208690708735117,107.14919831031975,0.3305473983096435,0.4798822056516527,0.37641385600871774,0.5475694706956152,operation_enabled,operation_enabled
8.886530657000094,0.35,0.5,0.35,0.5,28.069144508934265,52.95519015603062,28.05,52.95,381757,509585,2.179465168466727,0.928130356288885,107.77817837027614,0.348929734402311,0.5051559704153894,0.3779843509956187,0.5451029902815279,operation_enabled,operation_enabled
8.906692601000032,0.35,0.5,0.35,0.5,28.069144508934265,52.95519015603062,28.05,52.95,382587,511168,2.177093927548194,0.9353870557717135,108.41306038789969,0.3604550122583535,0.5223862964880278,0.37865072732732113,0.549588946843113,operation_enabled,operation_enabled
8.926819429000034,0.35,0.5,0.35,0.5,28.069144508934265,52.95519015603062,28.05,52.95,383411,512745,2.1746546154274933,0.9425810799522515,109.04794240552323,0.36702866612173657,0.5332951927264109,0.37742503366194147,0.5505478344244973,operation_enabled,operation_enabled
8.946936171000061,0.35,0.5,0.35,0.5,28.069144508934265,52.95519015603062,28.05,52.95,384242,514329,2.172121051955427,0.949789421035662,109.68282442314677,0.3719805946200876,0.5400831652346554,0.37981609699267965,0.5508238644816559,operation_enabled,operation_enabled
8.96706989900008,0.35,0.5,0.35,0.5,28.069144508934265,52.95519015603062,28.05,52.95,384665,515133,2.170803295280144,0.9534409417836645,110.00405954760171,0.3025617592454206,0.4387206005138376,0.1928120815548269,0.2784685774431457,operation_enabled,operation_enabled
8.987188309000203,0.35,0.5,0.35,0.5,28.069144508934265,52.95519015603062,28.05,52.95,385496,516714,2.1681532558455565,0.9605971607265549,110.63641215479649,0.33228509469759143,0.4812672742244049,0.37931282464605837,0.5485838607052793,operation_enabled,operation_enabled
9.007292860000007,0.35,0.5,0.35,0.5,28.069144508934265,52.95519015603062,28.05,52.95,386322,518295,2.1654297942213994,0.9677088231538268,111.27298044603923,0.3502864310023616,0.5088890173957509,0.37878745701574246,0.5526217718609203,operation_enabled,operation_enabled
9.02740790300004,0.35,0.5,0.35,0.5,28.069144508934265,52.95519015603062,28.05,52.95,387142,519856,2.162658481245488,0.9747135885041311,111.89774482194765,0.3596628047270407,0.5217460330483787,0.3745004188107614,0.5420915783651079,operation_enabled,operation_enabled
9.047529122000014,0.5,0.0,0.3660969751999801,0.4597575620000498,30.933829237518363,53.816924586580306,28.05,52.95,387963,521423,2.1598023245124662,0.9817081170754967,112.52672488190404,0.365791222172062,0.5309777251031034,0.37548614105055483,0.545581904140302,operation_enabled,operation_enabled
9.067638554000041,0.5,0.0,0.3821845208000013,0.41953869799999666,33.79683583523234,54.678154213534924,28.25,53.1,388789,522997,2.156854716652674,0.988705815727701,113.15739121547962,0.3703609039099516,0.5373223704094282,0.3775942005733375,0.547365236490032,operation_enabled,operation_enabled
9.08778790600013,0.5,0.0,0.3983040024000729,0.37923999399981767,36.665525896485256,55.54109350025327,28.9,53.4,389631,524580,2.153799121268733,0.9957433545677388,113.78215559138806,0.37439644046012593,0.5388132769511232,0.3807715892985145,0.5411685402449279,operation_enabled,operation_enabled
9.107936418999998,0.5,0.0,0.41442281279996673,0.33894296800008306,39.5340965081599,56.40399685498467,29.4,53.6,390057,525366,2.152243504720038,0.9992481995216799,114.08568484284154,0.30304209965790857,0.4318730153457218,0.19031520959101972,0.26292683802581585,operation_enabled,operation_enabled
9.128052647000004,0.5,0.0,0.43051579519997174,0.2987105120000706,42.39807066143585,57.265517535238416,30.55,54.15,390939,526967,2.1489996522006174,1.0064029524596443,114.69190020893893,0.33691762524705415,0.46830996411897946,0.39052068987076827,0.5259661062987989,operation_enabled,operation_enabled
9.148196059000156,0.5,0.0,0.4466305248000935,0.2584236879997661,45.26591503699209,58.12820242869843,32.0,54.8,391856,528580,2.14561867748852,1.0136583315794023,115.27872342841567,0.3603490251059924,0.4838683302833614,0.3973757523663452,0.5084539454857547,operation_enabled,operation_enabled
9.168309812000189,0.5,0.0,0.46272152720011944,0.21819618199970137,48.12953682122777,58.989617111761184,33.55,55.45,392813,530203,2.142096913166672,1.0210221781813482,115.84025254360463,0.3779585839227766,0.48517979750559853,0.4058265639198876,0.4872552579243647,operation_enabled,operation_enabled
9.188443362000044,0.5,0.0,0.4788283672000034,0.17792908199999147,50.995977130676216,59.8518796438717,35.3,56.25,393830,531869,2.13836063015481,1.0286442164588026,116.3874483330305,0.39487246956961114,0.480984176044025,0.4216131934618624,0.474350930590971,operation_enabled,operation_enabled
9.208573472000126,0.5,0.0,0.4949324552000689,0.13766886199982764,53.86192768277865,60.71399485060171,37.15,57.05,394894,533544,2.134474389057303,1.0363896513876338,116.90260492369185,0.4086696921608351,0.4676841165754893,0.43048672322845993,0.446653230923846,operation_enabled,operation_enabled
9.228946220000125,0.5,0.0,0.5,0.09692336599982809,55.46248545014727,60.286564071231155,39.1,57.85,396029,535269,2.1303451576080445,1.0444410821542724,117.40005564135174,0.4225162971307898,0.45148110476419506,0.4441506453886598,0.42616503623241064,operation_enabled,operation_enabled
9.249081101000002,0.5,0.0,0.5,0.056653604000075575,56.464640585470804,59.28440893590759,40.05,58.2,396615,536136,2.128221158701199,1.048518028680369,117.63697708484737,0.34726955167908624,0.35612122534821977,0.22831288647416342,0.20536795114915385,operation_enabled,operation_enabled
9.26925567100011,0.5,0.0,0.5,0.016304463999858854,57.468771125337284,58.280278396041126,42.1,58.6,397831,537880,2.1238448710582807,1.0567975216911356,118.08215332031249,0.39262891120622895,0.3673738392366855,0.4641959015726997,0.3851279635926863,operation_enabled,operation_enabled
9.289385974000197,0.5,0.0,0.5,0.0,57.87452476068921,57.87452476068921,44.15,58.7,399103,539625,2.1193222759255774,1.0652033739336428,118.48095703125,0.4242207428584378,0.3590039766031293,0.47417524348124757,0.3457691533505947,operation_enabled,operation_enabled
9.309531073000016,0.5,0.0,0.5,0.0,57.87452476068921,57.87452476068921,46.2,58.5,400430,541359,2.1146785971073174,1.0737019331369022,118.82411371275435,0.4461256470640309,0.33508996605542046,0.4807372792263335,0.29730377311733935,operation_enabled,operation_enabled
9.329678904000048,0.5,0.0,0.5,0.0,57.87452476068921,57.87452476068921,48.35,58.35,401835,543108,2.1098455171736292,1.0824321286272152,119.11415277525435,0.4651771114535417,0.3025921252373909,0.49527598145821045,0.2512497052419584,operation_enabled,operation_enabled
9.349794921000012,0.5,0.0,0.5,0.0,57.87452476068921,57.87452476068921,50.45,58.25,403302,544851,2.1048861416260225,1.091294802709169,119.34685853470202,0.4805466378063735,0.263601106977437,0.5048669204153883,0.2019028762365388,operation_enabled,operation_enabled
9.369923642999993,0.5,0.0,0.5,0.0,57.87452476068921,57.87452476068921,51.4,58.2,404053,545718,2.102373493582519,1.0957548062072577,119.44466240461482,0.3929075037645409,0.19433679031294004,0.254317469175521,0.08480416944364408,operation_enabled,operation_enabled
9.390085168000041,0.5,0.0,0.5,0.0,57.87452476068921,57.87452476068921,52.95,58.1,405595,547450,2.097268880936424,1.1047680879966006,119.60485839843749,0.439775454328045,0.17275332689647516,0.5137705117926986,0.13867738381414202,operation_enabled,operation_enabled
9.410222646000193,0.5,0.0,0.5,0.0,57.87452476068921,57.87452476068921,54.15,58.05,407207,549211,2.0919867680557664,1.1140407705269137,119.73048578306685,0.47471295203627284,0.14800361017267122,0.5299380945241692,0.10888212975006906,operation_enabled,operation_enabled
9.430352397000206,0.5,0.0,0.5,0.0,57.87452476068921,57.87452476068921,55.05,58.0,408840,550962,2.086669163245421,1.123333265140044,119.82997592659883,0.4968559276083378,0.12408468116796885,0.5318704095763952,0.08626190050307132,operation_enabled,operation_enabled
9.450475057000176,0.5,0.0,0.5,0.0,57.87452476068921,57.87452476068921,55.75,57.95,410459,552672,2.0814239336711062,1.132466674560609,119.90670137627181,0.5071409620072704,0.10179939102431654,0.5234103226629963,0.06654745033054495,operation_enabled,operation_enabled
9.47059989000013,0.5,0.0,0.5,0.0,57.87452476068921,57.87452476068921,56.25,57.95,412088,554373,2.076166174989393,1.1415965286880747,119.9674072265625,0.5134818227751867,0.08276054705544461,0.5235110173992974,0.052647242478873424,operation_enabled,operation_enabled
9.490747004000013,0.5,0.0,0.5,0.0,57.87452476068921,57.87452476068921,56.45,57.9,412904,555222,2.0735337696357807,1.1461594235795691,119.99523074127906,0.4157985549150595,0.06002454525067157,0.2614660292997362,0.024103300417323278,operation_enabled,operation_enabled
9.510887478000086,0.5,0.0,0.5,0.0,57.87452476068921,57.87452476068921,56.8,57.9,414637,557011,2.0679590830787156,1.1558077363867267,120.04244640261628,0.46907102535891265,0.05261944205063571,0.5532654390735607,0.040916055343976555,operation_enabled,operation_enabled
9.531011633000162,0.5,0.0,0.5,0.0,57.87452476068921,57.87452476068921,57.05,57.9,416315,558735,2.062567341939835,1.1651232724745928,120.08123069585757,0.4945489633115391,0.045266788085696785,0.5348481934152011,0.033636871466988176,operation_enabled,operation_enabled
9.551124913000194,0.5,0.0,0.5,0.0,57.87452476068921,57.87452476068921,57.25,57.9,418007,560465,2.057138112996222,1.1744902199214513,120.1132698946221,0.5114833220749598,0.03850426962753513,0.5382833955118694,0.027802004851577345,operation_enabled,operation_enabled
9.571228145000077,0.5,0.0,0.5,0.0,57.87452476068921,57.87452476068921,57.4,57.85,419698,562189,2.0517151074464985,1.1838351747820337,120.14109340933867,0.5215350743052778,0.03295016059127243,0.5374507843184677,0.024155913899022025,operation_enabled,operation_enabled
9.591341987000078,0.5,0.0,0.5,0.0,57.87452476068921,57.87452476068921,57.5,57.85,421409,563932,2.046225650382349,1.1932842266730976,120.16807378724565,0.5299635030449983,0.029256667055641707,0.5433018408565835,0.02341156045220342,operation_enabled,operation_enabled
9.611526412000103,0.5,0.0,0.5,0.0,57.87452476068921,57.87452476068921,57.55,57.85,422259,564795,2.043501620633664,1.1979695514145619,120.17903456577035,0.4285059116226009,0.0215814934806308,0.26850653399304264,0.009477687565428649,operation_enabled,operation_enabled
9.631664514000022,0.5,0.0,0.5,0.0,57.87452476068921,57.87452476068921,57.6,57.85,424065,566626,2.037715245730226,1.2079157016308821,120.20011298601018,0.4838767766669287,0.02029760565566144,0.5713979032866516,0.01826824763850374,operation_enabled,operation_enabled
9.651795036000067,0.5,0.0,0.5,0.0,57.87452476068921,57.87452476068921,57.7,57.85,425761,568346,2.0322771085892786,1.2172555203319881,120.22034826944042,0.5044106204744936,0.019230872306149057,0.5368793537010196,0.017544121356168813,operation_enabled,operation_enabled
9.671889629000134,0.5,0.0,0.5,0.0,57.87452476068921,57.87452476068921,57.7,57.85,427451,570061,2.0268531269263983,1.226563308596811,120.24142668968025,0.5166768928728869,0.018873654974224725,0.5361073723606721,0.01830780221837477,operation_enabled,operation_enabled
9.692021197000031,0.5,0.0,0.5,0.0,57.87452476068921,57.87452476068921,57.75,57.85,429134,571758,2.0214663178351575,1.2358012123984716,120.25323060501455,0.5223010881342679,0.015526262300924257,0.5311937732620967,0.010233539047295044,operation_enabled,operation_enabled
9.712196380000023,0.5,0.0,0.5,0.0,57.87452476068921,57.87452476068921,57.75,57.85,430824,573470,2.0160419840215322,1.2450978080766362,120.2717796148256,0.5266438017885536,0.015728086635110727,0.5334954307875325,0.016046510913314497,operation_enabled,operation_enabled
9.73255985600008,0.5,0.0,0.5,0.0,57.87452476068921,57.87452476068921,57.8,57.85,431670,574325,2.0133287569430394,1.2497454871923126,120.27936784611194,0.42428401163728613,0.01212925875662502,0.26428120488290036,0.006503782573714789,operation_enabled,operation_enabled
9.752750799000069,0.5,0.0,0.5,0.0,57.87452476068921,57.87452476068921,57.8,57.85,433378,576054,2.007844402321297,1.2591352663030475,120.29707371911338,0.4686385332278283,0.013361904424198883,0.5385633639760993,0.015305168303209384,operation_enabled,operation_enabled
9.772887625000067,0.5,0.0,0.5,0.0,57.87452476068921,57.87452476068921,57.8,57.85,435060,577753,2.002446823465471,1.2683705463616992,120.31140704487647,0.4928849790649811,0.012998167422156247,0.5312121882030363,0.012423195558561482,operation_enabled,operation_enabled
9.79304677600021,0.5,0.0,0.5,0.0,57.87452476068921,57.87452476068921,57.8,57.85,436765,579477,1.9969701345061412,1.2777354891968893,120.32742664425872,0.5104392458730044,0.013335976368458109,0.5381571625137499,0.013869371486379723,operation_enabled,operation_enabled
9.813198228000147,0.5,0.0,0.5,0.0,57.87452476068921,57.87452476068921,57.85,57.85,438487,581217,1.9914381651873432,1.2871890526878629,120.3426031068314,0.5232725430070044,0.013261719621054685,0.5435438631585211,0.013144424565520044,operation_enabled,operation_enabled
9.833320794000201,0.5,0.0,0.5,0.0,57.87452476068921,57.87452476068921,57.85,57.85,440166,582911,1.9860461737658468,1.296398278033419,120.35525015897531,0.5260063393428078,0.012373866458642893,0.5303308096936412,0.01096941118651483,operation_enabled,operation_enabled
9.853434635000212,0.5,0.0,0.5,0.0,57.87452476068921,57.87452476068921,57.85,57.85,441845,584610,1.9806438145711043,1.3056197638331484,120.37211289516716,0.5280744570563083,0.013248338187058789,0.5313473392173966,0.014632226010089958,operation_enabled,operation_enabled
9.873555427000156,0.5,0.0,0.5,0.0,57.87452476068921,57.87452476068921,57.85,57.85,442701,585473,1.9778937244590935,1.3103118564753868,120.37801485283431,0.4282387394055748,0.010100063739966567,0.2702991517264638,0.005119509888348377,operation_enabled,operation_enabled
9.893677204000142,0.5,0.0,0.5,0.0,57.87452476068921,57.87452476068921,57.85,57.85,444398,587188,1.9724334265442736,1.3196240692632992,120.393191315407,0.47016301151216533,0.011286680269497706,0.5364837459214402,0.013163809573033518,operation_enabled,operation_enabled
9.91379510600018,0.5,0.0,0.5,0.0,57.87452476068921,57.87452476068921,57.85,57.85,446106,588916,1.9669320991655737,1.329000246351924,120.41005405159885,0.4973482880809654,0.012581143713762571,0.540361432744227,0.014629272348707931,operation_enabled,operation_enabled
9.93397584000013,0.5,0.0,0.5,0.0,57.87452476068921,57.87452476068921,57.85,57.85,447788,590612,1.961521328878863,1.3382167994249925,120.42185796693316,0.5098566680567477,0.011660591094428704,0.5295860842734453,0.010208607239495215,operation_enabled,operation_enabled
9.95414801600009,0.5,0.0,0.5,0.0,57.87452476068921,57.87452476068921,57.85,57.85,449517,592359,1.9559513525714727,1.3476994250275054,120.43703442950583,0.5235591672408827,0.012230936093548472,0.5451812319886031,0.013130920566000364,operation_enabled,operation_enabled
9.974315735000118,0.5,0.0,0.5,0.0,57.87452476068921,57.87452476068921,57.85,57.85,451208,594069,1.9504990313782393,1.356975964541209,120.45305402888809,0.5274286854430801,0.012864118596287721,0.533535999307012,0.013863479259634012,operation_enabled,operation_enabled
9.994429559000082,0.5,0.0,0.5,0.0,57.87452476068921,57.87452476068921,57.85,57.85,452935,595811,1.9449353289382671,1.3664365887644825,120.465701081032,0.5344888161068344,0.012132305064543736,0.5456617755004655,0.010974178782850076,operation_enabled,operation_enabled
10.01457786800006,0.5,0.0,0.5,0.0,57.87452476068921,57.87452476068921,57.85,57.85,453786,596672,1.9421887052165103,1.3711050339469304,120.47413244912792,0.4315139798320452,0.010260592631736981,0.2688308066959875,0.00730359722603745,operation_enabled,operation_enabled
10.034737567000093,0.5,0.0,0.5,0.0,57.87452476068921,57.87452476068921,57.85,57.85,455494,598396,1.936680832855195,1.3804626859690892,120.4876226380814,0.4730423988284455,0.01081064796369687,0.5386133496849816,0.01167915324302002,operation_enabled,operation_enabled
10.054889142000093,0.5,0.0,0.5,0.0,57.87452476068921,57.87452476068921,57.85,57.85,457222,600141,1.9311048622482792,1.389930774520551,120.50195596384448,0.5010412272420991,0.011432243780418773,0.5452675663030887,0.012414102983349913,operation_enabled,operation_enabled
10.075014517,0.5,0.0,0.5,0.0,57.87452476068921,57.87452476068921,57.85,57.85,458951,601890,1.925518282979563,1.399410973534438,120.51881870003633,0.5187517978355061,0.012668513407442619,0.5467634483506565,0.014623840174135209,operation_enabled,operation_enabled
10.09513267300008,0.5,0.0,0.5,0.0,57.87452476068921,57.87452476068921,57.85,57.85,460664,603619,1.9199870442139866,1.4087915803599356,120.53230888898982,0.5274832556863164,0.012294707155037074,0.5412981866108945,0.011703270118474067,operation_enabled,operation_enabled
10.115234424000164,0.5,0.0,0.5,0.0,57.87452476068921,57.87452476068921,57.85,57.85,462365,605339,1.9144871513296362,1.4181135390872244,120.54832848837208,0.5317222724803623,0.012919546369373026,0.5384347272970511,0.013908975097236665,operation_enabled,operation_enabled
10.135338662000095,0.5,0.0,0.5,0.0,57.87452476068921,57.87452476068921,57.85,57.85,463221,606205,1.9117177153354108,1.422805264245382,120.556759856468,0.4307937324249133,0.01075179802840904,0.2709938330312793,0.00731960762313368,operation_enabled,operation_enabled
10.155464261000134,0.5,0.0,0.5,0.0,57.87452476068921,57.87452476068921,57.85,57.85,464940,607939,1.9061626385038901,1.4322122140992781,120.56940690861191,0.47419037840884987,0.010835451038208896,0.5428272495095723,0.010967758056888299,operation_enabled,operation_enabled
10.17560299700017,0.5,0.0,0.5,0.0,57.87452476068921,57.87452476068921,57.85,57.85,466665,609681,1.9005828152449247,1.441655990414724,120.58374023437499,0.5015028648817602,0.011450259749655842,0.5446725775219832,0.012422017316591207,operation_enabled,operation_enabled
10.195730021000145,0.5,0.0,0.5,0.0,57.87452476068921,57.87452476068921,57.85,57.85,468385,611419,1.8950150511970265,1.4510738180816587,120.59891669694767,0.5178003036519248,0.012112709796858356,0.5435747841713728,0.01316037784320109,operation_enabled,operation_enabled
10.215878543000144,0.5,0.0,0.5,0.0,57.87452476068921,57.87452476068921,57.85,57.85,470083,613134,1.8895173485954808,1.4603676732429798,120.61325002271074,0.5248272902633929,0.012230266261557493,0.5359286470205363,0.0124159840273497,operation_enabled,operation_enabled
10.235998917000188,0.5,0.0,0.5,0.0,57.87452476068921,57.87452476068921,57.85,57.85,471799,614866,1.883960987978467,1.4697554871932066,120.62674021166423,0.5315486348041409,0.012025664941931153,0.5421819879205537,0.011701979990731082,operation_enabled,operation_enabled
10.256132139000101,0.5,0.0,0.5,0.0,57.87452476068921,57.87452476068921,57.85,57.85,472649,615727,1.881202831419112,1.4744134514419251,120.63601471656975,0.42977735263341377,0.010481434135305964,0.26887511232293354,0.00803997726218109,operation_enabled,operation_enabled
10.276247650000187,0.5,0.0,0.5,0.0,57.87452476068921,57.87452476068921,57.85,57.85,474369,617464,1.8756281590534867,1.4838235143751135,120.65034804233284,0.4739032868883575,0.011238449987579049,0.5437286127793323,0.01243635954988322,operation_enabled,operation_enabled
10.29640796800004,0.5,0.0,0.5,0.0,57.87452476068921,57.87452476068921,57.85,57.85,476068,619180,1.8701188895610057,1.4931178740562958,120.66468136809591,0.4979545547283927,0.011692237424099994,0.5359289375173613,0.012408719313282846,operation_enabled,operation_enabled
10.31651034000015,0.5,0.0,0.5,0.0,57.87452476068921,57.87452476068921,57.85,57.85,477783,620913,1.8645539661780508,1.5025006146829185,120.6798578306686,0.5152620554185999,0.012266772446109898,0.5426675206781002,0.013176516716405814,operation_enabled,operation_enabled
10.336623690000124,0.5,0.0,0.5,0.0,57.87452476068921,57.87452476068921,57.85,57.85,479480,622626,1.8590480519731511,1.5117785721513437,120.69334801962206,0.5234445172183473,0.012049661709423742,0.5363939189052077,0.01170606656548234,operation_enabled,operation_enabled
10.356736266000098,0.5,0.0,0.5,0.0,57.87452476068921,57.87452476068921,57.85,57.85,481173,624337,1.8535495088446736,1.521038829515978,120.70852448219475,0.5281010706143556,0.01248339212356885,0.5354707232212325,0.01316983168636357,operation_enabled,operation_enabled
10.376877967000155,0.5,0.0,0.5,0.0,57.87452476068921,57.87452476068921,57.85,57.85,482893,626073,1.8479646173725284,1.5304391510840878,120.72201467114823,0.5338225600371218,0.012175758676421268,0.5428645304593682,0.011689589372509954,operation_enabled,operation_enabled
10.396974077000095,0.5,0.0,0.5,0.0,57.87452476068921,57.87452476068921,57.85,57.85,483737,626928,1.845218117588293,1.5350598863337193,120.73128917605375,0.4307472731979977,0.010580931682349068,0.26748242829905705,0.008054824893684668,operation_enabled,operation_enabled
10.417073141000174,0.5,0.0,0.5,0.0,57.87452476068921,57.87452476068921,57.85,57.85,485428,628634,1.8397249672759861,1.5442975864651332,120.74393622819765,0.4709924039397769,0.010736253641632538,0.5347288196545468,0.010982237808761775,operation_enabled,operation_enabled
10.437198590000207,0.5,0.0,0.5,0.0,57.87452476068921,57.87452476068921,57.85,57.85,487116,630342,1.8342310560077888,1.553531152717891,120.76079896438952,0.49534841036863686,0.012242098651671196,0.533870570218333,0.014623786403109833,operation_enabled,operation_enabled
10.4573282140002,0.5,0.0,0.5,0.0,57.87452476068921,57.87452476068921,57.85,57.85,488821,632063,1.828686144755945,1.5628448191840842,120.77428915334299,0.5120557334993329,0.012030772642968025,0.5384750353410851,0.011696602676464883,operation_enabled,operation_enabled
10.47745894500008,0.5,0.0,0.5,0.0,57.87452476068921,57.87452476068921,57.85,57.85,490526,633782,1.8231424159647838,1.5721518251499464,120.7860930686773,0.522157710490912,0.01133466287501137,0.5381310953940226,0.010233964539660224,operation_enabled,operation_enabled
10.497603614000127,0.5,0.0,0.5,0.0,57.87452476068921,57.87452476068921,57.85,57.85,492219,635497,1.8176221389433882,1.5814138785278056,120.80464207848836,0.5272304065657204,0.013170296452631493,0.5352458736365047,0.016070817256254793,operation_enabled,operation_enabled
10.51796104600021,0.5,0.0,0.5,0.0,57.87452476068921,57.87452476068921,57.85,57.85,493072,636355,1.8148497381022761,1.5860633787348524,120.80885776253633,0.4252971661965628,0.009442729201328957,0.26591381106552303,0.0036142852821758747,operation_enabled,operation_enabled
10.538080774000036,0.5,0.0,0.5,0.0,57.87452476068921,57.87452476068921,57.85,57.85,494790,638090,1.8092531871118072,1.5954457132540898,120.82319108829941,0.47087613798156414,0.010601107528661741,0.5429856482164084,0.012433752947795845,operation_enabled,operation_enabled
10.558200782000085,0.5,0.0,0.5,0.0,57.87452476068921,57.87452476068921,57.85,57.85,496479,639798,1.8037449550785423,1.6046744284222723,120.83921068768167,0.49538995270307107,0.011877317613175236,0.5341721916262088,0.013896354020850162,operation_enabled,operation_enabled
10.578294680999988,0.5,0.0,0.5,0.0,57.87452476068921,57.87452476068921,57.85,57.85,498151,641486,1.798294367976366,1.6138012214297341,120.85270087663514,0.5084120547408448,0.011815431941356543,0.5290405241958644,0.011717398099576453,operation_enabled,operation_enabled
10.598397760000125,0.5,0.0,0.5,0.0,57.87452476068921,57.87452476068921,57.85,57.85,499834,643188,1.792800858264979,1.6229945077226327,120.8687204760174,0.5178265887021982,0.012625462702709513,0.5327334556238843,0.013908056276807678,operation_enabled,operation_enabled
10.618512465000094,0.5,0.0,0.5,0.0,57.87452476068921,57.87452476068921,57.85,57.85,501537,644905,1.7872482920141433,1.6322815022428612,120.8805243913517,0.5256114093773137,0.011702570597444357,0.5379306821832585,0.010242118251822965,operation_enabled,operation_enabled
10.638613205000183,0.5,0.0,0.5,0.0,57.87452476068921,57.87452476068921,57.85,57.85,503222,646609,1.7817438217143755,1.6414829801426947,120.89654399073396,0.5286357609467188,0.012556854218254277,0.5334250423554274,0.013909674672165319,operation_enabled,operation_enabled
10.658727664000025,0.5,0.0,0.5,0.0,57.87452476068921,57.87452476068921,57.85,57.85,504920,648325,1.776196222739987,1.650750825656902,120.91172045330664,0.5318720720883747,0.012793735637569869,0.5369935115024993,0.013168598802529926,operation_enabled,operation_enabled
10.678852979000112,0.5,0.0,0.5,0.0,57.87452476068921,57.87452476068921,57.85,57.85,505766,649179,1.77343291514525,1.6553652172715476,120.9184655477834,0.42937107640340566,0.010103901237822708,0.26725147593967485,0.005849553508939569,operation_enabled,operation_enabled
10.698967635000145,0.5,0.0,0.5,0.0,57.87452476068921,57.87452476068921,57.85,57.85,507448,650876,1.7679388828925753,1.664536069564336,120.9311125999273,0.46891141224951416,0.010440718752626907,0.5314831002904299,0.010973724859228276,operation_enabled,operation_enabled
10.719090710000046,0.5,0.0,0.5,0.0,57.87452476068921,57.87452476068921,57.85,57.85,509134,652580,1.7624247315425858,1.673735438053005,120.94628906249997,0.49373069132969005,0.011495109311743754,0.5329902075776456,0.013162960467033854,operation_enabled,operation_enabled
10.739189162999992,0.5,0.0,0.5,0.0,57.87452476068921,57.87452476068921,57.85,57.85,510825,654289,1.7568918705437375,1.6829604781054914,120.96146552507265,0.5097874243647941,0.012146865337088569,0.5352173261831141,0.01317908600724495,operation_enabled,operation_enabled
10.759287579000102,0.5,0.0,0.5,0.0,57.87452476068921,57.87452476068921,57.85,57.85,512506,655986,1.7513925177410659,1.6921244512761267,120.97495571402614,0.518289662615613,0.011979627935632073,0.5317551341727292,0.01171476468360764,operation_enabled,operation_enabled
10.779410790000156,0.5,0.0,0.5,0.0,57.87452476068921,57.87452476068921,57.85,57.85,514194,657694,1.7458614210251904,1.70133579080339,120.99181845021799,0.5243475500606776,0.01300440913105656,0.5339299445560067,0.014625412785383748,operation_enabled,operation_enabled
10.79959864600005,0.5,0.0,0.5,0.0,57.87452476068921,57.87452476068921,57.85,57.85,515892,659403,1.7403103008135508,1.7105757009310907,121.00109295512353,0.5280718597713816,0.011069331707742124,0.5339441257521459,0.008018218828913877,operation_enabled,operation_enabled
10.819773029000089,0.5,0.0,0.5,0.0,57.87452476068921,57.87452476068921,57.85,57.85,516738,660260,1.73753480779243,1.7151938507660809,121.01036746002904,0.42682246681334524,0.00988779433149612,0.2670719418600558,0.008023573612805382,operation_enabled,operation_enabled
10.839901088000033,0.5,0.0,0.5,0.0,57.87452476068921,57.87452476068921,57.85,57.85,518455,661996,1.731905155968973,1.7245563613381043,121.0263870594113,0.4717350636058263,0.011438489543987598,0.5427609065511037,0.013890795633686955,operation_enabled,operation_enabled
10.860195154000166,0.5,0.0,0.5,0.0,57.87452476068921,57.87452476068921,57.85,57.85,520187,663745,1.726227354064742,1.7339932878914996,121.04072038517438,0.4993587934142392,0.011784393557156362,0.5426862680131195,0.012326939674142199,operation_enabled,operation_enabled
10.88031284900012,0.5,0.0,0.5,0.0,57.87452476068921,57.87452476068921,57.85,57.85,521888,665462,1.7206500607152397,1.7432580686870138,121.05421057412786,0.5141434107875812,0.011753081476186185,0.5375361994415013,0.011703538300738808,operation_enabled,operation_enabled
10.900445203000118,0.5,0.0,0.5,0.0,57.87452476068921,57.87452476068921,57.85,57.85,523583,667174,1.7150884743862034,1.7524916829265365,121.06854389989094,0.52238518178135,0.012013775453415294,0.5354161327917469,0.01242595512311814,operation_enabled,operation_enabled
10.920612704000177,0.5,0.0,0.5,0.0,57.87452476068921,57.87452476068921,57.85,57.85,525273,668883,1.7095375074045995,1.7617021456345279,121.0845634992732,0.5265905493850206,0.012731237169582842,0.5332280107307837,0.013863629116477209,operation_enabled,operation_enabled
10.940768229000014,0.5,0.0,0.5,0.0,57.87452476068921,57.87452476068921,57.85,57.85,526139,669757,1.7066949460218213,1.766416557535168,121.09130859374994,0.4283220740685152,0.010059762350305127,0.2731297523914299,0.005840785937266748,operation_enabled,operation_enabled
10.960874367000088,0.5,0.0,0.5,0.0,57.87452476068921,57.87452476068921,57.85,57.85,527846,671479,1.7010915675583012,1.7757062521667197,121.10395564589385,0.47139124090281087,0.010415379453555466,0.5395760986462773,0.010978373896646475,operation_enabled,operation_enabled
10.980984053000157,0.5,0.0,0.5,0.0,57.87452476068921,57.87452476068921,57.85,57.85,529536,673189,1.695533206543356,1.7849159501786596,121.1208183820857,0.49598680972616915,0.012049171422642915,0.5349183609834187,0.014635249274512081,operation_enabled,operation_enabled
11.00115623900001,0.5,0.0,0.5,0.0,57.87452476068921,57.87452476068921,57.85,57.85,531220,674889,1.6899985747303117,1.7940808427596153,121.13430857103918,0.5094721543214843,0.011902835873265212,0.5307515461698193,0.011671923605911563,operation_enabled,operation_enabled
11.021281700000145,0.5,0.0,0.5,0.0,57.87452476068921,57.87452476068921,57.85,57.85,532934,676620,1.684361910382089,1.8034095733940363,121.14864189680226,0.5219066239439446,0.012107115962575207,0.5415733267849615,0.012430211030943801,operation_enabled,operation_enabled
11.041405507000036,0.5,0.0,0.5,0.0,57.87452476068921,57.87452476068921,57.85,57.85,534634,678340,1.678763629727009,1.812669082693375,121.16550463299413,0.5280190300569261,0.01308236765751595,0.5376873760818247,0.014624979629588737,operation_enabled,operation_enabled
11.061554933000025,0.5,0.0,0.5,0.0,57.87452476068921,57.87452476068921,57.85,57.85,536323,680046,1.6732037700222797,1.821859392271506,121.1798379587572,0.5299801672699207,0.012823838136508225,0.5330782672508306,0.012415426986695998,operation_enabled,operation_enabled
11.08175836700002,0.5,0.0,0.5,0.0,57.87452476068921,57.87452476068921,57.85,57.85,538016,681754,1.6676319168355078,1.8310646323060231,121.19248501090111,0.530994587667468,0.012086770923973348,0.5325928310219683,0.010925504079278362,operation_enabled,operation_enabled
11.101862424000046,0.5,0.0,0.5,0.0,57.87452476068921,57.87452476068921,57.85,57.85,538859,682604,1.6648575357696291,1.8356465035936829,121.19838696856826,0.4285825823646707,0.009391393720971582,0.2664324563888782,0.0051237714658776525,operation_enabled,operation_enabled
11.121971017000078,0.5,0.0,0.5,0.0,57.87452476068921,57.87452476068921,57.85,57.85,540547,684312,1.6592905605589967,1.8448362040116,121.21524970476011,0.4695184573105826,0.01142187895244522,0.5343180864783048,0.014636044771641127,operation_enabled,operation_enabled
11.142065746000071,0.5,0.0,0.5,0.0,57.87452476068921,57.87452476068921,57.85,57.85,542235,686015,1.6537294188339884,1.8540109424516045,121.22789675690402,0.4944332713152756,0.011252659112243702,0.5338994995491914,0.010984606987357605,operation_enabled,operation_enabled
11.162171697000076,0.5,0.0,0.5,0.0,57.87452476068921,57.87452476068921,57.85,57.85,543930,687729,1.6481364504424676,1.8632329830702823,121.24391635628628,0.5106926750034968,0.012279853662644249,0.5364339539781283,0.013906069604514031,operation_enabled,operation_enabled
11.182266979000133,0.5,0.0,0.5,0.0,57.87452476068921,57.87452476068921,57.85,57.85,545601,689416,1.6426248159223202,1.872315639227726,121.25740654523975,0.5176572781885855,0.012061873280442337,0.5286892310975051,0.011716591683255523,operation_enabled,operation_enabled
11.202408014000184,0.5,0.0,0.5,0.0,57.87452476068921,57.87452476068921,57.85,57.85,547301,691131,1.6370175180827122,1.8815511892003551,121.27005359738365,0.5249370495213956,0.011634606651607078,0.5364420351608371,0.010959352415693503,operation_enabled,operation_enabled
11.222633057000166,0.5,0.0,0.5,0.0,57.87452476068921,57.87452476068921,57.85,57.85,549034,692884,1.6312912133896966,1.8909772777225864,121.28691633357552,0.5328565106410532,0.01276799784168258,0.5453204780483777,0.014551774621365875,operation_enabled,operation_enabled
11.242725459000212,0.5,0.0,0.5,0.0,57.87452476068921,57.87452476068921,57.85,57.85,549872,693730,1.6285240397958123,1.895530216947767,121.29366142805226,0.4292718181824421,0.01009452762449932,0.265169827455756,0.00585913555666481,operation_enabled,operation_enabled
11.262831807000111,0.5,0.0,0.5,0.0,57.87452476068921,57.87452476068921,57.85,57.85,551547,695420,1.6229930827387662,1.9046270485832828,121.30630848019617,0.4680727580305526,0.010436644036825095,0.5294997399316816,0.010978259233526006,operation_enabled,operation_enabled
11.282945853000001,0.5,0.0,0.5,0.0,57.87452476068921,57.87452476068921,57.85,57.85,553228,697118,1.617436963683861,1.9137604194333653,121.32064180595926,0.492632617413192,0.011211320372710637,0.5314992186172498,0.012437265348208631,operation_enabled,operation_enabled
11.30310251700007,0.5,0.0,0.5,0.0,57.87452476068921,57.87452476068921,57.85,57.85,554926,698834,1.6118209176109746,1.9229869486487927,121.33581826853192,0.5093962868949073,0.01195950616279565,0.5358691284560366,0.013141025751977035,operation_enabled,operation_enabled
11.32322853300002,0.5,0.0,0.5,0.0,57.87452476068921,57.87452476068921,57.85,57.85,556617,700545,1.606222041195481,1.9321794821180998,121.35268100472378,0.5192361560173107,0.012991379640743319,0.5347987374066104,0.01462337441468379,operation_enabled,operation_enabled
11.343340914999999,0.5,0.0,0.5,0.0,57.87452476068921,57.87452476068921,57.85,57.85,558301,702243,1.6006537940300898,1.9413165809797785,121.36448492005809,0.5241841468237823,0.011927328498639958,0.5320151157783698,0.010243301226599276,operation_enabled,operation_enabled
11.363449310000078,0.5,0.0,0.5,0.0,57.87452476068921,57.87452476068921,57.85,57.85,559978,703936,1.5951032945367591,1.9504200346608793,121.37797510901157,0.5265257867935378,0.011842783429255403,0.5302325329174992,0.011708951109902752,operation_enabled,operation_enabled
11.38356408200002,0.5,0.0,0.5,0.0,57.87452476068921,57.87452476068921,57.85,57.85,560822,704790,1.5923057559440201,1.9550063435983664,121.3864064771075,0.426060346985776,0.010089805828799087,0.26707697540838804,0.007315774383224776,operation_enabled,operation_enabled
11.403687994000165,0.5,0.0,0.5,0.0,57.87452476068921,57.87452476068921,57.85,57.85,562503,706490,1.586733443575019,1.9641372575712448,121.40242607648975,0.4669212946183667,0.011563168082646357,0.5315530798805875,0.013893658154985408,operation_enabled,operation_enabled
11.423812313000099,0.5,0.0,0.5,0.0,57.87452476068921,57.87452476068921,57.85,57.85,564182,708186,1.5811686058531769,1.973250493930809,121.41675940225284,0.49158617234992014,0.011899280887712726,0.5305990424176922,0.012430916411508319,operation_enabled,operation_enabled
11.443942930000048,0.5,0.0,0.5,0.0,57.87452476068921,57.87452476068921,57.85,57.85,565863,709886,1.5755914570872018,1.9823784546428183,121.43277900163508,0.5070012934829882,0.012670136358189603,0.5313760329824703,0.013889030528558347,operation_enabled,operation_enabled
11.464051176000112,0.5,0.0,0.5,0.0,57.87452476068921,57.87452476068921,57.85,57.85,567561,711599,1.5699625180647212,1.9915860009381108,121.44542605377899,0.518494257075004,0.01201472588838735,0.53668740993815,0.010977223005014221,operation_enabled,operation_enabled
11.484204502000011,0.5,0.0,0.5,0.0,57.87452476068921,57.87452476068921,57.85,57.85,569249,713302,1.5643645633151437,2.000738324432708,121.45807310592289,0.5238647609820895,0.011602986555034746,0.532347154843145,0.010952668585993261,operation_enabled,operation_enabled
11.504329138999992,0.5,0.0,0.5,0.0,57.87452476068921,57.87452476068921,57.85,57.85,570942,715011,1.5587463552855414,2.0099190557509305,121.47156329487638,0.5281141524834752,0.011640370791980966,0.5348353834063373,0.011699501161425294,operation_enabled,operation_enabled
11.524426402000017,0.5,0.0,0.5,0.0,57.87452476068921,57.87452476068921,57.85,57.85,572630,716717,1.5531390676911214,2.0190767955888234,121.48673975744906,0.5305099243884571,0.012236186104654352,0.5343044604026207,0.013179866367799577,operation_enabled,operation_enabled
11.544529562000207,0.5,0.0,0.5,0.0,57.87452476068921,57.87452476068921,57.85,57.85,573483,717579,1.550304766540225,2.0237036704086333,121.49432798873538,0.42963317252335936,0.010049833007032993,0.26990670462245875,0.006588000112826985,operation_enabled,operation_enabled
11.564632706000111,0.5,0.0,0.5,0.0,57.87452476068921,57.87452476068921,57.85,57.85,575177,719291,1.5446740025698467,2.0328915523364435,121.50950445130806,0.470820839382983,0.011259942763662656,0.536036715816665,0.013176010712559198,operation_enabled,operation_enabled
11.58471462700004,0.5,0.0,0.5,0.0,57.87452476068921,57.87452476068921,57.85,57.85,576862,720991,1.5390757386242908,2.0420214265354697,121.52215150345197,0.4949881583030442,0.011156142369871903,0.5332947353224418,0.01099161283341229,operation_enabled,operation_enabled
11.604834271000072,0.5,0.0,0.5,0.0,57.87452476068921,57.87452476068921,57.85,57.85,578539,722687,1.5334950451286873,2.051117539044835,121.53817110283423,0.5087056272676251,0.012217479612490284,0.5304078302729976,0.013896605430521255,operation_enabled,operation_enabled
11.624984882000035,0.5,0.0,0.5,0.0,57.87452476068921,57.87452476068921,57.85,57.85,580221,724384,1.527902145120386,2.060228433164886,121.55081815497812,0.5171676701220278,0.011727749040984304,0.530534768012371,0.01095414429779771,operation_enabled,operation_enabled
11.645138696999993,0.5,0.0,0.5,0.0,57.87452476068921,57.87452476068921,57.85,57.85,581900,726083,1.5223085549435786,2.0693351907743494,121.56768089116999,0.5222563562531007,0.012842524492108758,0.5302934405629957,0.014603203782697917,operation_enabled,operation_enabled
11.66524676600011,0.5,0.0,0.5,0.0,57.87452476068921,57.87452476068921,57.85,57.85,583578,727774,1.5167276626290864,2.0784163304767307,121.57864166969468,0.5252867256581841,0.011553769981454928,0.5300837876755332,0.009513677013787598,operation_enabled,operation_enabled
11.685395607000146,0.5,0.0,0.5,0.0,57.87452476068921,57.87452476068921,57.85,57.85,584420,728626,1.5139207066278841,2.0829820326300297,121.58707303779062,0.4247788627468422,0.009906208971454951,0.26599729112281056,0.0073034043854592,operation_enabled,operation_enabled
11.705489012000044,0.5,0.0,0.5,0.0,57.87452476068921,57.87452476068921,57.85,57.85,586130,730354,1.5082220358275815,2.0922470240748563,121.60224950036329,0.46988314093923983,0.011174009464335848,0.5413351305741334,0.013182396945674751,operation_enabled,operation_enabled
11.725600284000166,0.5,0.0,0.5,0.0,57.87452476068921,57.87452476068921,57.85,57.85,587820,732064,1.5025837904941035,2.101408034073934,121.61911223655514,0.4950474792599673,0.012513703250193004,0.5348761766527159,0.014634095120457288,operation_enabled,operation_enabled
11.745703063000065,0.5,0.0,0.5,0.0,57.87452476068921,57.87452476068921,57.85,57.85,589505,733763,1.4969697972774372,2.110524529322321,121.63091615188945,0.509577309727382,0.011636758907670627,0.532584022791162,0.01024819440194124,operation_enabled,operation_enabled
11.76584255900002,0.5,0.0,0.5,0.0,57.87452476068921,57.87452476068921,57.85,57.85,591190,735464,1.491350472739863,2.1196451724188403,121.64440634084293,0.518238310142915,0.011657727626532081,0.531927242857577,0.01169086922309549,operation_enabled,operation_enabled
11.785974065000119,0.5,0.0,0.5,0.0,57.87452476068921,57.87452476068921,57.85,57.85,592906,737201,1.4856174247202094,2.1289447285424825,121.66211221384438,0.5277029423437374,0.013088339603499382,0.542667972772164,0.01535035584589781,operation_enabled,operation_enabled
11.806089334000035,0.5,0.0,0.5,0.0,57.87452476068921,57.87452476068921,57.85,57.85,594607,738917,1.4799417104452905,2.138145827089765,121.67475926598829,0.5314748952834758,0.012269362967744935,0.53744374367891,0.010973390442021976,operation_enabled,operation_enabled
11.826224047000096,0.5,0.0,0.5,0.0,57.87452476068921,57.87452476068921,57.85,57.85,595459,739775,1.477100650334714,2.142749976558423,121.67981808684584,0.4296589700248293,0.00921452069924683,0.2686980684183429,0.004385117395648193,operation_enabled,operation_enabled
11.84633853000014,0.5,0.0,0.5,0.0,57.87452476068921,57.87452476068921,57.85,57.85,597158,741491,1.4714252813735644,2.151943852747433,121.69415141260892,0.47128203532636864,0.010462337021799294,0.5371501621816557,0.012436995140574213,operation_enabled,operation_enabled
11.866449968000097,0.5,0.0,0.5,0.0,57.87452476068921,57.87452476068921,57.85,57.85,598875,743229,1.4656808362050233,2.161243811324958,121.71185728561038,0.4992532311541857,0.012360845522207757,0.5435240991070169,0.015365673047147727,operation_enabled,operation_enabled
11.886593575999996,0.5,0.0,0.5,0.0,57.87452476068921,57.87452476068921,57.85,57.85,600576,744946,1.4599954044947623,2.1704426281273133,121.72534747456386,0.5138224241833707,0.012100260281083393,0.5368447058666368,0.011688482716488759,operation_enabled,operation_enabled
11.906714050000119,0.5,0.0,0.5,0.0,57.87452476068921,57.87452476068921,57.85,57.85,602295,746683,1.4542444377462296,2.1797422754136484,121.74052393713653,0.5252920594843588,0.012512496380687766,0.5434372498372538,0.013164662060010804,operation_enabled,operation_enabled
11.926848490000111,0.5,0.0,0.5,0.0,57.87452476068921,57.87452476068921,57.85,57.85,603994,748396,1.4485645277665085,2.188922187353175,121.75232785247084,0.5294976409872627,0.011628929716510814,0.5361463392849382,0.010232079323303648,operation_enabled,operation_enabled
11.947143974000028,0.5,0.0,0.5,0.0,57.87452476068921,57.87452476068921,57.85,57.85,605690,750115,1.4428771226463877,2.198108622718317,121.77171999909147,0.5306119865799154,0.013594189313341845,0.532359701582761,0.016676459036948633,operation_enabled,operation_enabled
11.967271746000051,0.5,0.0,0.5,0.0,57.87452476068921,57.87452476068921,57.85,57.85,606532,750962,1.4400632943513263,2.2026514953585354,121.77593568313945,0.4279090145603869,0.009744151826257189,0.26548978935138196,0.0036555246582039356,operation_enabled,operation_enabled
11.987417293000135,0.5,0.0,0.5,0.0,57.87452476068921,57.87452476068921,57.85,57.85,608215,752660,1.4344293017121044,2.2117444806956024,121.78858273528336,0.4678590845992874,0.010214199160113875,0.5309822266369,0.010956897848515307,operation_enabled,operation_enabled
12.007520431000103,0.5,0.0,0.5,0.0,57.87452476068921,57.87452476068921,57.85,57.85,609907,754369,1.4287598282672642,2.220889920146626,121.80291606104643,0.49394536844383863,0.01107733627188614,0.5352499749263218,0.012444013831427727,operation_enabled,operation_enabled
12.02763768900013,0.5,0.0,0.5,0.0,57.87452476068921,57.87452476068921,57.85,57.85,611615,756098,1.4230277589028122,2.2301305628822052,121.82062193404789,0.5119878593849696,0.01273629792489027,0.5405360006770663,0.015361227698869885,operation_enabled,operation_enabled
12.047755052000184,0.35,-0.5,0.48390610959995684,-0.04023472600010791,57.01295547162008,55.01038901594588,57.85,57.85,613323,757820,1.4173049891736489,2.2393509121614614,121.83242584938219,0.5226159101359498,0.01176988532742452,0.5394322971787793,0.010240765015258956,operation_enabled,operation_enabled
12.067880994000006,0.35,-0.5,0.467805356000099,-0.08048660999975255,56.1510187684554,52.14503186758763,57.7,57.65,615013,759529,1.4116317229234627,2.2484865515906782,121.84844544876445,0.5271531093370508,0.012592003264694372,0.5343290982239732,0.013892256773545431,operation_enabled,operation_enabled
12.087984429000016,0.35,-0.5,0.451722608000091,-0.12069347999977253,55.29004597590999,49.28287907074749,57.4,57.0,616686,761212,1.406028303372606,2.257505422655829,121.85687681686038,0.5275428941565691,0.010551210702733915,0.5281600641155185,0.007319899993285322,operation_enabled,operation_enabled
12.1081305900002,0.35,-0.5,0.4356056791999436,-0.16098580200014112,54.42724335061788,46.41464331639802,57.15,56.55,617518,762045,1.403247937195908,2.2619796971451493,121.85771995366997,0.42441722797212467,0.006744713469932068,0.2614783977627473,0.00073043759414121,operation_enabled,operation_enabled
12.128276824000068,0.35,-0.5,0.41948869200004996,-0.2012782699998752,53.564437598957525,43.54639716898656,56.65,55.35,619185,763697,1.3977064924013154,2.270899257197999,121.84507290152607,0.4619406030800113,-0.00011623943301320404,0.5212274219460182,-0.010956524211117495,operation_enabled,operation_enabled
12.148405331000049,0.35,-0.5,0.40338588640006495,-0.2415352839998377,52.70239104415059,40.6806748381419,56.05,53.95,620836,765316,1.3922498979739557,2.2796890209098515,121.81809252361909,0.4821018267631466,-0.009133969418491102,0.5139845531666039,-0.02339450352226889,operation_enabled,operation_enabled
12.168506976000117,0.35,-0.5,0.3873045704000106,-0.2817385739999736,51.8414949121982,37.81877688597584,55.35,52.35,622458,766877,1.3869443349294324,2.2882485607632645,121.76666117823392,0.4894083736635176,-0.022883291477830366,0.5009783029516218,-0.04465536605082064,operation_enabled,operation_enabled
12.188634174000072,0.35,-0.5,0.37120281200004684,-0.3219929699998829,50.97950441812956,34.95324091920713,54.6,50.65,624058,768392,1.3817611189045684,2.296630811491682,121.69499454941852,0.4895032182670026,-0.03809248466952827,0.4896532141826812,-0.06214569144877071,operation_enabled,operation_enabled
12.208757599000137,0.35,-0.5,0.35510407199999466,-0.3622398200000134,50.11767551088681,32.0882421194542,53.8,48.85,625636,769854,1.376714803337954,2.3048187139126513,121.59719067950574,0.48502964722931285,-0.056193897568992984,0.47795340703740957,-0.08482649206906308,operation_enabled,operation_enabled
12.228863203000174,0.35,-0.5,0.35,-0.4024510280000868,50.52758198601346,30.49675267895143,53.0,46.9,627194,771262,1.3718069705144196,2.3128169256416897,121.4707201580668,0.4779464275833693,-0.07694063315096777,0.4667323459804939,-0.10978665479633362,operation_enabled,operation_enabled
12.248971575000041,0.35,-0.5,0.35,-0.44266777199982243,51.528417712968476,29.495916951996417,52.65,45.95,627965,771946,1.3694062308947947,2.316744718678736,121.3973672556322,0.38153892407148415,-0.07180192511239702,0.2289285512857942,-0.06366749448370199,operation_enabled,operation_enabled
12.269065093000108,0.35,-0.5,0.35,-0.4828548079999564,52.528514125289306,28.495820539675584,52.25,43.95,629493,773268,1.364720349686778,2.3244484513086654,121.22368107285604,0.40754729022038805,-0.10239716006865822,0.4487482390470513,-0.15086436106681778,operation_enabled,operation_enabled
12.289188346000174,0.35,-0.5,0.35,-0.5,52.95519015603062,28.069144508934265,52.15,41.95,631009,774525,1.3601867422337928,2.331959601357838,121.00530863917145,0.41855963967435833,-0.13609515950625944,0.4359789888287821,-0.18939870026862782,operation_enabled,operation_enabled
12.309309630000143,0.35,-0.5,0.35,-0.5,52.95519015603062,28.069144508934265,52.3,39.85,632544,775735,1.3557309041571295,2.339414121162542,120.7312891760537,0.4236175651578375,-0.17544151313974807,0.43161898139436966,-0.23768571856342643,operation_enabled,operation_enabled
12.329463922000059,0.35,-0.5,0.35,-0.5,52.95519015603062,28.069144508934265,52.45,37.75,634089,776889,1.3513884117856514,2.3467666957685056,120.40162268350282,0.4236460265350048,-0.21810486356144526,0.423690977445346,-0.2854858770795906,operation_enabled,operation_enabled
12.34961687100008,0.35,-0.5,0.35,-0.5,52.95519015603062,28.069144508934265,52.6,35.6,635638,777978,1.347189146343827,2.353979526012634,120.01377975109003,0.41996182990988246,-0.26376665964559687,0.4141427499905109,-0.33588811995633594,operation_enabled,operation_enabled
12.369814227000006,0.35,-0.5,0.35,-0.5,52.95519015603062,28.069144508934265,52.65,33.75,637214,779025,1.3430660591117396,2.3611815321647898,119.5677603788153,0.41643724349927286,-0.3109931756173172,0.41088250307082186,-0.3854220608826477,operation_enabled,operation_enabled
12.389922138000202,0.35,-0.5,0.35,-0.5,52.95519015603062,28.069144508934265,52.7,33.05,637985,779517,1.3411014004265673,2.3646611159134494,119.33252520893885,0.3321505338662927,-0.26964083889240104,0.1987239787665652,-0.20417974949224504,operation_enabled,operation_enabled
12.41003680200015,0.35,-0.5,0.35,-0.5,52.95519015603062,28.069144508934265,52.75,31.85,639528,780473,1.3372580393242839,2.371570510730339,118.83760390170774,0.35573919151661987,-0.33151842272197535,0.3930676944034865,-0.429438262030108,operation_enabled,operation_enabled
12.43014040700018,0.35,-0.5,0.35,-0.5,52.95519015603062,28.069144508934265,52.8,30.95,641067,781394,1.33353511114736,2.3784053496065765,118.31654535337924,0.3678966917349404,-0.3782978749924356,0.3871462368327823,-0.45236599425724994,operation_enabled,operation_enabled
12.450235475999989,0.35,-0.5,0.35,-0.5,52.95519015603062,28.069144508934265,52.85,30.25,642612,782298,1.3298920201214568,2.3852436648000155,117.77609465843011,0.3747395649375927,-0.41355420399321074,0.3855788120699473,-0.4694009297327551,operation_enabled,operation_enabled
12.470344404000116,0.35,-0.5,0.35,-0.5,52.95519015603062,28.069144508934265,52.85,29.7,644156,783180,1.3263482535267148,2.392052042694247,117.21793809047954,0.3774321701391479,-0.4410001113594134,0.38169437076585216,-0.4844450113058037,operation_enabled,operation_enabled
12.49052908800013,0.35,-0.5,0.35,-0.5,52.95519015603062,28.069144508934265,52.9,29.3,645694,784048,1.322900045519861,2.3988384111605328,116.65303642805219,0.377313721734961,-0.45941660045517724,0.3771269301158534,-0.488459168314914,operation_enabled,operation_enabled
12.510634092000146,0.35,-0.5,0.35,-0.5,52.95519015603062,28.069144508934265,52.9,29.0,647265,784921,1.3194669409114022,2.405766866113705,116.06452693495625,0.38013488225208064,-0.47934219909629094,0.3846014483025518,-0.5108891464910386,operation_enabled,operation_enabled
12.530758385000127,0.35,-0.5,0.35,-0.5,52.95519015603062,28.069144508934265,52.9,28.9,648035,785346,1.3178143569623064,2.409167345160451,115.77364473564666,0.30566386879028684,-0.3913902025689675,0.18787160737251776,-0.25227480604658414,operation_enabled,operation_enabled
12.550887551000187,0.35,-0.5,0.35,-0.5,52.95519015603062,28.069144508934265,52.9,28.7,649589,786198,1.3145399140716878,2.416039238150498,115.18176269531236,0.3337513363488542,-0.4385789002730578,0.378167079165678,-0.5132001190324691,operation_enabled,operation_enabled
12.571012808000205,0.35,-0.5,0.35,-0.5,52.95519015603062,28.069144508934265,52.95,28.55,651137,787045,1.3113512277579504,2.422912995845055,114.59072379178765,0.35031439426029887,-0.4672388192756646,0.37651125265889135,-0.5125686034158041,operation_enabled,operation_enabled
12.59111993900001,0.35,-0.5,0.35,-0.5,52.95519015603062,28.069144508934265,52.95,28.4,652690,787889,1.3082314203504957,2.4298252305688743,113.99293979378619,0.36070937931884495,-0.4872331286793376,0.37716536456557265,-0.5188855128542287,operation_enabled,operation_enabled
12.611244144000011,0.35,-0.5,0.35,-0.5,52.95519015603062,28.069144508934265,52.95,28.35,654235,788724,1.3052055632453652,2.436720409433981,113.39431265897515,0.3659242323263778,-0.49960600394218735,0.3741727035941511,-0.5191765087978255,operation_enabled,operation_enabled
12.631349418000127,0.35,-0.5,0.35,-0.5,52.95519015603062,28.069144508934265,52.95,28.25,655788,789563,1.3022372235780733,2.4436818356970678,112.79231297692573,0.3699847336446762,-0.5085046216528134,0.37641338372161254,-0.522593054322998,operation_enabled,operation_enabled
12.65145756600009,0.35,-0.5,0.35,-0.5,52.95519015603062,28.069144508934265,52.95,28.2,657343,790401,1.2993411334741294,2.4506770519466317,112.18778388444753,0.3725136603675054,-0.5147799838979146,0.3765169250008887,-0.5247138168993619,operation_enabled,operation_enabled
12.671555774000126,0.35,-0.5,0.35,-0.5,52.95519015603062,28.069144508934265,52.95,28.2,658124,790820,1.2979167419591586,2.454196322451937,111.88256835937486,0.30145046626457106,-0.41812646956000865,0.1889025354902386,-0.26504929398242777,operation_enabled,operation_enabled
12.69170514800021,0.35,-0.5,0.35,-0.5,52.95519015603062,28.069144508934265,52.95,28.15,659673,791653,1.2951448313242113,2.4612042564164036,111.27888240370625,0.3295806600985726,-0.4587441346475605,0.37401935480735904,-0.522909921391188,operation_enabled,operation_enabled
12.711834782000096,0.35,-0.5,0.35,-0.5,52.95519015603062,28.069144508934265,52.95,28.15,661240,792495,1.2924168015471404,2.468320948042461,110.6676082167513,0.34858238308479433,-0.48634957108166843,0.3786298061083543,-0.530002045485547,operation_enabled,operation_enabled
12.731969811999988,0.35,-0.5,0.35,-0.5,52.95519015603062,28.069144508934265,52.95,28.1,662822,793342,1.289743365214209,2.4755258570004073,110.04790266170043,0.361403057109432,-0.5060401140861089,0.3816709548458831,-0.5371684238163356,operation_enabled,operation_enabled
12.752128920000132,0.35,-0.5,0.35,-0.5,52.95519015603062,28.069144508934265,52.95,28.1,664395,794186,1.2871605152108394,2.482723410937424,109.43325592750712,0.3683548972687234,-0.5161630407638296,0.3793317691117444,-0.5321470200083932,operation_enabled,operation_enabled
12.772232557000052,0.35,-0.5,0.35,-0.5,52.95519015603062,28.069144508934265,52.95,28.1,665941,795015,1.2846979353840247,2.489822496167287,108.82872683502892,0.370450529470353,-0.5195185801842471,0.37376863776879904,-0.5248315559955523,operation_enabled,operation_enabled
12.792373648000193,0.35,-0.5,0.35,-0.5,52.95519015603062,28.069144508934265,52.95,28.1,666711,795427,1.2835003275503087,2.4933651944022013,108.52688385719462,0.2988423806496155,-0.41955111206178836,0.18567283238233998,-0.261562483740124,operation_enabled,operation_enabled
12.812469634000081,0.35,-0.5,0.35,-0.5,52.95519015603062,28.069144508934265,52.95,28.05,668263,796257,1.2811436900983395,2.500523467804054,107.91813908066845,0.3283207698072515,-0.46178941684637237,0.3750129933075124,-0.5286926779685311,operation_enabled,operation_enabled
12.83260836400018,0.35,-0.5,0.35,-0.5,52.95519015603062,28.069144508934265,52.95,28.05,669807,797086,1.278871485583354,2.5076791192324768,107.31529626180945,0.3455580770728946,-0.4852981005721865,0.3728031184127157,-0.5224555898530792,operation_enabled,operation_enabled
12.852722953000011,0.35,-0.5,0.35,-0.5,52.95519015603062,28.069144508934265,52.95,28.05,671368,797919,1.2766559468183516,2.514922024486711,106.70149266442573,0.35756031519358283,-0.5036119194407562,0.3765536490875988,-0.5325932205237356,operation_enabled,operation_enabled
12.872818205000158,0.35,-0.5,0.35,-0.5,52.95519015603062,28.069144508934265,52.95,28.05,672919,798752,1.2745265234175132,2.5221577409752425,106.09612043513793,0.36444159315075036,-0.5121919777015418,0.37534157491424885,-0.5257828367184929,operation_enabled,operation_enabled
12.892955690999997,0.35,-0.5,0.35,-0.5,52.95519015603062,28.069144508934265,52.95,28.05,674463,799578,1.2724857234992395,2.529372930726889,105.49074820585015,0.3675079205756307,-0.5170310618359625,0.37235481324944153,-0.5246801215054442,operation_enabled,operation_enabled
12.913070642000093,0.35,-0.5,0.35,-0.5,52.95519015603062,28.069144508934265,52.95,28.05,676004,800404,1.2705235969293918,2.536600076942196,104.88790538699114,0.3693635905055707,-0.5193707555180519,0.3723001031731436,-0.5230732136033202,operation_enabled,operation_enabled
12.933271436000041,0.35,-0.5,0.35,-0.5,52.95519015603062,28.069144508934265,52.95,28.05,676773,800813,1.2695755689080415,2.540204480500618,104.58437613553765,0.29759130934982136,-0.4195449074216873,0.18449760300393764,-0.26224636586021866,operation_enabled,operation_enabled
12.953386765999994,0.35,-0.5,0.35,-0.5,52.95519015603062,28.069144508934265,52.95,28.05,678341,801652,1.267697549183843,2.547584593507344,103.96972940134434,0.32895453966724825,-0.4635966332529207,0.37858447998003136,-0.5333051582215493,operation_enabled,operation_enabled
12.973521016000177,0.35,-0.5,0.35,-0.5,52.95519015603062,28.069144508934265,52.95,28.05,679885,802479,1.2659250657854935,2.5548735980893214,103.36520030886615,0.3458543126144925,-0.4870132980663443,0.3725717955270438,-0.5240335789881424,operation_enabled,operation_enabled
12.993630771000198,0.35,-0.5,0.35,-0.5,52.95519015603062,28.069144508934265,52.95,28.05,681437,803312,1.2642196830171795,2.562224070306157,102.75898494276876,0.35722692370705345,-0.5021600971667889,0.37522820986136884,-0.5261354061534282,operation_enabled,operation_enabled
13.013758112999994,0.35,-0.5,0.35,-0.5,52.95519015603062,28.069144508934265,52.95,28.05,683005,804149,1.262579173913379,2.569654105231538,102.14265193495625,0.3652909936441949,-0.5146680483074276,0.3780441588852666,-0.534449122748402,operation_enabled,operation_enabled
13.033890114000087,0.35,-0.5,0.35,-0.5,52.95519015603062,28.069144508934265,52.95,28.05,684561,804984,1.2610272223436667,2.5770578917800906,101.53475029523968,0.3693456435755396,-0.5194519816398009,0.3757565073448963,-0.5270159256040972,operation_enabled,operation_enabled
13.054005841000162,0.35,-0.5,0.35,-0.5,52.95519015603062,28.069144508934265,52.95,28.05,686109,805810,1.2595644394446261,2.5844249829979966,100.92600551871352,0.37091049795532555,-0.522829411767879,0.3733867128071278,-0.528173834068193,operation_enabled,operation_enabled
13.074137973999996,0.35,-0.5,0.35,-0.5,52.95519015603062,28.069144508934265,52.95,28.05,686886,806225,1.2588594907287483,2.5881297981441107,100.62078999364084,0.29978452257591554,-0.4227843172600818,0.18732698453005525,-0.2646026549082253,operation_enabled,operation_enabled
13.094254525999986,0.35,-0.5,0.35,-0.5,52.95519015603062,28.069144508934265,52.95,28.05,688423,807049,1.257521284828112,2.5954787323532416,100.01963344840102,0.327489094651629,-0.4610382616769156,0.3713268218336788,-0.5215685587845373,operation_enabled,operation_enabled
13.114391962000127,0.35,-0.5,0.35,-0.5,52.95519015603062,28.069144508934265,52.95,28.05,689965,807874,1.2562572700320869,2.6028600497688883,99.41510435592282,0.3446919953539254,-0.4854164222427302,0.3718844014007563,-0.5239506701729051,operation_enabled,operation_enabled
13.134506783999996,0.35,-0.5,0.35,-0.5,52.95519015603062,28.069144508934265,52.95,28.05,691504,808697,1.2550736557123188,2.610238664677697,98.81141840025421,0.35507899322801595,-0.5002827345795491,0.3715160470140979,-0.5238081437923993,operation_enabled,operation_enabled
13.15463059900003,0.35,-0.5,0.35,-0.5,52.95519015603062,28.069144508934265,52.95,28.05,693042,809519,1.253968785339246,2.6176230827387146,98.2077324445856,0.3612595096105434,-0.5093042367974849,0.37103558569887984,-0.5235740625943988,operation_enabled,operation_enabled
13.174722730000212,0.35,-0.5,0.35,-0.5,52.95519015603062,28.069144508934265,52.95,28.05,694593,810349,1.252932915307153,2.625084578328912,97.59983080486903,0.36654845676489584,-0.516562616097722,0.3749274792126326,-0.5280617143711516,operation_enabled,operation_enabled
13.194887923000124,0.35,-0.5,0.35,-0.5,52.95519015603062,28.069144508934265,52.95,28.05,696146,811180,1.2519751174117482,2.6325660657746486,96.99108602834286,0.3694537308609592,-0.5205632137969126,0.3740397393700505,-0.5268782031863127,operation_enabled,operation_enabled
13.215155588000016,0.35,-0.5,0.35,-0.5,52.95519015603062,28.069144508934265,52.95,28.05,696921,811594,1.2515271699287962,2.6363010960256634,96.68671364007979,0.29793241638592205,-0.4200174196668966,0.18560600152567347,-0.262107170578239,operation_enabled,operation_enabled
13.235268837000149,0.35,-0.5,0.35,-0.5,52.95519015603062,28.069144508934265,52.95,28.05,698485,812431,1.2506830192478708,2.643850379251884,96.07375317950566,0.32881129598768993,-0.46333816858099597,0.37767984353789835,-0.5318970705075445,operation_enabled,operation_enabled
13.255379078000033,0.35,-0.5,0.35,-0.5,52.95519015603062,28.069144508934265,52.95,28.05,700362,813437,1.249776056219882,2.652926450802198,95.33938101835012,0.37711325184833844,-0.5307098873150325,0.4535667865053636,-0.637347515985725,operation_enabled,operation_enabled
13.275511427000083,0.35,-0.5,0.35,-0.5,52.95519015603062,28.069144508934265,52.95,28.05,701962,814295,1.2490946813901362,2.660673211720488,94.7137735056321,0.38066444315912573,-0.5352221889431513,0.3862791843994586,-0.5423565288935953,operation_enabled,operation_enabled
13.29580716800001,0.35,-0.5,0.35,-0.5,52.95519015603062,28.069144508934265,52.95,28.05,702743,814709,1.2487941600296097,2.664442027758388,94.40434229651147,0.30498189599023995,-0.43043645700450744,0.18628456448845412,-0.26609491161725274,operation_enabled,operation_enabled
13.315908857000068,0.35,-0.5,0.35,-0.5,52.95519015603062,28.069144508934265,52.95,28.05,704296,815542,1.2482543278487799,2.671971576782264,93.79728379360449,0.3322914830552556,-0.46784392228554816,0.3755361653820323,-0.5270785767267654,operation_enabled,operation_enabled
13.336026098000048,0.35,-0.5,0.35,-0.5,52.95519015603062,28.069144508934265,52.95,28.05,705854,816377,1.2477931185323134,2.6795285381621903,93.18769588026873,0.3493521261619899,-0.49147489570071734,0.3763467392181853,-0.5288655719778579,operation_enabled,operation_enabled
13.356205482000178,0.35,-0.5,0.35,-0.5,52.95519015603062,28.069144508934265,52.95,28.05,707424,817215,1.2474104517447149,2.6871374004031323,92.57051973564664,0.36028849999113893,-0.5078965265918526,0.37753955140478646,-0.5338000301867877,operation_enabled,operation_enabled
13.376348431999986,0.35,-0.5,0.35,-0.5,52.95519015603062,28.069144508934265,52.95,28.05,709002,818060,1.2471079497024329,2.6947973655799147,91.95250045421496,0.3681520539895023,-0.5185929828612212,0.38057847106467224,-0.5354961066723066,operation_enabled,operation_enabled
13.396524702000079,0.35,-0.5,0.35,-0.5,52.95519015603062,28.069144508934265,52.95,28.05,710565,818898,1.2468896369469589,2.702390560570599,91.34122626726001,0.37139070754483916,-0.5225438766001327,0.37650015267311737,-0.5287769837916569,operation_enabled,operation_enabled
13.416893938000158,0.35,-0.5,0.35,-0.5,52.95519015603062,28.069144508934265,52.95,28.05,711353,819318,1.2468105246593957,2.706211650146325,91.03095192132979,0.29968542534426346,-0.42238126886949684,0.1876316388598136,-0.26585724280152245,operation_enabled,operation_enabled
13.437034309000182,0.35,-0.5,0.35,-0.5,52.95519015603062,28.069144508934265,52.95,28.05,712917,820157,1.2467142841500747,2.713813701327277,90.41967773437486,0.3298351225607731,-0.4639778665378133,0.3774854200128459,-0.5297194969646726,operation_enabled,operation_enabled
13.457159698000169,0.35,-0.5,0.35,-0.5,52.95519015603062,28.069144508934265,52.95,28.05,714481,820992,1.2466994005123435,2.721403691404169,89.80503100018154,0.34815781865513545,-0.4907286575004862,0.37713760785762335,-0.5330386035425758,operation_enabled,operation_enabled
13.477303562000088,0.35,-0.5,0.35,-0.5,52.95519015603062,28.069144508934265,52.95,28.05,716034,821822,1.2467651620249953,2.7289427887389905,89.19544308684578,0.3582814827475605,-0.5052384596937943,0.3742787232225538,-0.5281666004155529,operation_enabled,operation_enabled
13.49739597200005,0.35,-0.5,0.35,-0.5,52.95519015603062,28.069144508934265,52.95,28.05,717597,822659,1.2469123380212164,2.7365345310612543,88.58332576308123,0.3658785673716903,-0.5154844074250129,0.3779140929360206,-0.5317163400611454,operation_enabled,operation_enabled
13.517517356000099,0.35,-0.5,0.35,-0.5,52.95519015603062,28.069144508934265,52.95,28.05,719158,823494,1.2471402297180054,2.744111618260039,87.9712084393167,0.3700856207947462,-0.5214745669627971,0.37674096168113247,-0.5309506894834457,operation_enabled,operation_enabled
13.537634242000195,0.35,-0.5,0.35,-0.5,52.95519015603062,28.069144508934265,52.95,28.05,720709,824325,1.2474469195036182,2.751641595850104,87.36414993640973,0.37184287496830704,-0.5234905341834646,0.3746233817325222,-0.5266804031152558,operation_enabled,operation_enabled
13.557746226000063,0.35,-0.5,0.35,-0.5,52.95519015603062,28.069144508934265,52.95,28.05,721490,824742,1.2476313664043164,2.7554273755444645,87.05724813771786,0.30083763621027315,-0.4239200606542381,0.18845852200816013,-0.2663311022672294,operation_enabled,operation_enabled
13.577841251000109,0.35,-0.5,0.35,-0.5,52.95519015603062,28.069144508934265,52.95,28.05,723035,825568,1.248056101524184,2.7629167601890865,86.45103277162048,0.3288797244063455,-0.4636259759371828,0.3732990466118524,-0.5265210724822651,operation_enabled,operation_enabled
13.597968077000132,0.35,-0.5,0.35,-0.5,52.95519015603062,28.069144508934265,52.95,28.05,724580,826396,1.248560367360677,2.7704075527890724,85.84650367914229,0.3459796806568478,-0.48710086128440344,0.3730236126103455,-0.5242268745119371,operation_enabled,operation_enabled
13.618134384000086,0.35,-0.5,0.35,-0.5,52.95519015603062,28.069144508934265,52.95,28.05,726123,827224,1.2491430375593637,2.7778863082698537,85.24366086028327,0.3560633054310101,-0.5005355321491689,0.37197954361081653,-0.5217411428437296,operation_enabled,operation_enabled
13.638233878000165,0.35,-0.5,0.35,-0.5,52.95519015603062,28.069144508934265,52.95,28.05,727691,828060,1.2498145143989168,2.7854624332367273,84.62648471566118,0.364712714173761,-0.514231627916036,0.3784105331957294,-0.5359217395412182,operation_enabled,operation_enabled
13.658358464000003,0.35,-0.5,0.35,-0.5,52.95519015603062,28.069144508934265,52.95,28.05,729254,828897,1.2505659723803877,2.7930183265104307,84.01436739189664,0.3695921235590407,-0.5206749035570858,0.37730986864003274,-0.5308662105284184,operation_enabled,operation_enabled
13.678468592000172,0.35,-0.5,0.35,-0.5,52.95519015603062,28.069144508934265,52.95,28.05,730801,829726,1.251389347949215,2.800490335483266,83.40899516260886,0.3712233541509642,-0.5225019656300494,0.3738053209293473,-0.5253939010791467,operation_enabled,operation_enabled
13.698591349000026,0.35,-0.5,0.35,-0.5,52.95519015603062,28.069144508934265,52.95,28.05,731578,830140,1.2518318537403652,2.804232386120495,83.1029365007266,0.29996940753831647,-0.4229432394847969,0.18725704095463847,-0.26545723104107843,operation_enabled,operation_enabled
13.718718005000028,0.35,-0.5,0.35,-0.5,52.95519015603062,28.069144508934265,52.95,28.05,733123,830968,1.252772736533254,2.811680942851829,82.4984074082484,0.32826938687071666,-0.4621788517642571,0.37302676335839036,-0.5242313023999959,operation_enabled,operation_enabled
13.738832166000066,0.35,-0.5,0.35,-0.5,52.95519015603062,28.069144508934265,52.95,28.05,734675,831795,1.2537951717630273,2.819137904065016,81.88713322129345,0.3460554759482194,-0.48859916953594174,0.37420225268876567,-0.5304097543414862,operation_enabled,operation_enabled
13.75893955100014,0.35,-0.5,0.35,-0.5,52.95519015603062,28.069144508934265,52.95,28.05,736229,832630,1.2549014056476815,2.8266148797359363,81.28091785519608,0.35761017015260016,-0.5031549295518462,0.3759018246719294,-0.5261974202286005,operation_enabled,operation_enabled
13.779057640000019,0.35,-0.5,0.35,-0.5,52.95519015603062,28.069144508934265,52.95,28.05,737793,833467,1.2560930811020923,2.8341171578708204,80.66795739462195,0.3653472758615876,-0.5142362151973285,0.3775889815108394,-0.5317691069774808,operation_enabled,operation_enabled
13.799154542999986,0.35,-0.5,0.35,-0.5,52.95519015603062,28.069144508934265,52.95,28.05,739349,834298,1.2573574218792964,2.8415626087528754,80.056683207667,0.36938607407445717,-0.520671906085387,0.375783026875891,-0.5308652380335751,operation_enabled,operation_enabled
13.819278869000073,0.35,-0.5,0.35,-0.5,52.95519015603062,28.069144508934265,52.95,28.05,740905,835130,1.2587016310682646,2.848997270560091,79.44625215752166,0.3717264140735544,-0.524056747570529,0.3754281696441052,-0.5294106089017413,operation_enabled,operation_enabled
13.83947285100021,0.35,-0.5,0.35,-0.5,52.95519015603062,28.069144508934265,52.95,28.05,741673,835542,1.2593950292040945,2.8526656337167555,79.14609545330656,0.29919757403001507,-0.42133550230183614,0.18487318362922833,-0.2594199975246562,operation_enabled,operation_enabled
13.859614921000002,0.35,-0.5,0.35,-0.5,52.95519015603062,28.069144508934265,52.95,28.05,743222,836372,1.2608514385742415,2.860050112367135,78.53988008720917,0.3280645662211078,-0.4616233935572632,0.37368375530599207,-0.5252912989921664,operation_enabled,operation_enabled
13.879767346000108,0.35,-0.5,0.35,-0.5,52.95519015603062,28.069144508934265,52.95,28.05,744781,837205,1.2623946625675846,2.867458954236419,77.92776276344463,0.34646654455387665,-0.48818247837156437,0.3755326823940101,-0.5301328603446595,operation_enabled,operation_enabled
13.899943156000063,0.35,-0.5,0.35,-0.5,52.95519015603062,28.069144508934265,52.95,28.05,746323,838031,1.2640001337319153,2.8747768391909245,77.32407680777601,0.35611372544373404,-0.5013890333563129,0.3713338977741227,-0.5222247619544936,operation_enabled,operation_enabled
13.920070705000171,0.35,-0.5,0.35,-0.5,52.95519015603062,28.069144508934265,52.95,28.05,747882,838866,1.2657015253278943,2.882157459841715,76.71364575763067,0.3639377606829286,-0.512211111309617,0.37631118859743834,-0.5293258350227223,operation_enabled,operation_enabled
13.940166704000148,0.35,-0.5,0.35,-0.5,52.95519015603062,28.069144508934265,52.95,28.05,749435,839698,1.267474598962531,2.8894918977291035,76.10574411791409,0.3684066217764333,-0.5183060375741096,0.3754850589620952,-0.5279600751044232,operation_enabled,operation_enabled
13.960266401000126,0.35,-0.5,0.35,-0.5,52.95519015603062,28.069144508934265,52.95,28.05,750983,840526,1.2693183511750972,2.8967795201303654,75.49868561500712,0.3705712644959222,-0.5217216543206156,0.3739993120812657,-0.5271308133633062,operation_enabled,operation_enabled
13.98037798900009,0.35,-0.5,0.35,-0.5,52.95519015603062,28.069144508934265,52.95,28.05,751767,840942,1.2702789765518476,2.900452577960524,75.1884112690769,0.30018249319920953,-0.4239725172551249,0.18877686088357998,-0.269263119399835,operation_enabled,operation_enabled
14.000484201000063,0.35,-0.5,0.35,-0.5,52.95519015603062,28.069144508934265,52.95,28.05,753321,841773,1.2722467514755351,2.907737193813139,74.57882335574114,0.32926019674280815,-0.46469159392460585,0.3752943303999146,-0.529155674280412,operation_enabled,operation_enabled
14.020630951000157,0.35,-0.5,0.35,-0.5,52.95519015603062,28.069144508934265,52.95,28.05,754882,842610,1.2743031182560958,2.915040036909461,73.9683923055958,0.34760178654382706,-0.48954851047848036,0.3765807005719692,-0.5288213573600204,operation_enabled,operation_enabled
14.04077682000002,0.35,-0.5,0.35,-0.5,52.95519015603062,28.069144508934265,52.95,28.05,756429,843439,1.2764172748111686,2.9222538574976182,73.363020076308,0.35750105361731754,-0.5030806567501754,0.37314214894801456,-0.5244617941912818,operation_enabled,operation_enabled
14.06090513700019,0.35,-0.5,0.35,-0.5,52.95519015603062,28.069144508934265,52.95,28.05,757975,844268,1.2786065566003373,2.929441927875119,72.75849098382982,0.363625355641097,-0.511257366331993,0.37331034758616505,-0.5241880425346983,operation_enabled,operation_enabled
14.081003864000195,0.35,-0.5,0.35,-0.5,52.95519015603062,28.069144508934265,52.95,28.05,759519,845091,1.280864137178625,2.936582299315491,72.15058934411323,0.367099119693153,-0.5176941993609863,0.3726006295153376,-0.5278884150883928,operation_enabled,operation_enabled
14.101105278000205,0.35,-0.5,0.35,-0.5,52.95519015603062,28.069144508934265,52.95,28.05,761064,845921,1.2832049185588903,2.943722471298865,71.54774652525423,0.3696966816172301,-0.5199125953628295,0.37380997255491205,-0.5234254695260947,operation_enabled,operation_enabled
14.12120830500021,0.35,-0.5,0.35,-0.5,52.95519015603062,28.069144508934265,52.95,28.05,761837,846331,1.2843990506101568,2.947269680947375,71.24168786337196,0.29866028899875396,-0.42151686132837246,0.18618177494567634,-0.2657177625087205,operation_enabled,operation_enabled
14.141387643000144,0.35,-0.5,0.35,-0.5,52.95519015603062,28.069144508934265,52.95,28.05,763384,847160,1.286853989475721,2.9543747594538954,70.63631563408417,0.3273181734821174,-0.46112067691117997,0.37252326369963235,-0.5235919335532376,operation_enabled,operation_enabled
14.161509477000209,0.35,-0.5,0.35,-0.5,52.95519015603062,28.069144508934265,52.95,28.05,764939,847993,1.2893968466988417,2.961489179644827,70.02757085755802,0.34596965139388886,-0.48702893120911644,0.3754746647601469,-0.5280135326960892,operation_enabled,operation_enabled
14.1816362080001,0.35,-0.5,0.35,-0.5,52.95519015603062,28.069144508934265,52.95,28.05,766503,848831,1.2920307066832655,2.9686176526629495,69.41545353379348,0.35821604072213203,-0.5039881516493269,0.3775840483397454,-0.5308096336282849,operation_enabled,operation_enabled
14.201747289000195,0.35,-0.5,0.35,-0.5,52.95519015603062,28.069144508934265,52.95,28.05,768056,849659,1.2947168283629256,2.975655527879589,68.80417934683854,0.36454963928354434,-0.514249595943366,0.37457419757162136,-0.5304909862758965,operation_enabled,operation_enabled
14.221863492000011,0.35,-0.5,0.35,-0.5,52.95519015603062,28.069144508934265,52.95,28.05,769599,850485,1.2974635554407044,2.982629184238735,68.19965025436034,0.3676637913874744,-0.5182204328036891,0.3725914877413542,-0.5245037091708816,operation_enabled,operation_enabled
14.241961807000052,0.35,-0.5,0.35,-0.5,52.95519015603062,28.069144508934265,52.95,28.05,771136,851308,1.3002728409240858,2.989547152624853,67.59765057231093,0.36915098236130256,-0.5199828105634154,0.3715063419504613,-0.5227740010891394,operation_enabled,operation_enabled
14.26206250600012,0.35,-0.5,0.35,-0.5,52.95519015603062,28.069144508934265,52.95,28.05,771903,851719,1.3017022498521964,2.99298913940219,67.29749386809581,0.29803458157356144,-0.4195952545463808,0.18541634157867215,-0.26062390966955146,operation_enabled,operation_enabled
14.282153273000176,0.35,-0.5,0.35,-0.5,52.95519015603062,28.069144508934265,52.95,28.05,773437,852539,1.3046126918666956,2.9998445447647337,66.69549418604639,0.32615237379843165,-0.4595955594198045,0.37070105251643637,-0.5229704046486646,operation_enabled,operation_enabled
14.302249271000164,0.35,-0.5,0.35,-0.5,52.95519015603062,28.069144508934265,52.95,28.05,774974,853362,1.3076026022740512,3.0066863871536267,66.09349450399696,0.34372115821863264,-0.4840692519557798,0.3715491753650569,-0.5228342751490945,operation_enabled,operation_enabled
14.322402631000159,0.35,-0.5,0.35,-0.5,52.95519015603062,28.069144508934265,52.95,28.05,776509,854181,1.3106565487921222,3.013479079050558,65.48980854832836,0.35373440731037986,-0.4990869581620038,0.369549716413799,-0.522806498492976,operation_enabled,operation_enabled
14.342555380000022,0.35,-0.5,0.35,-0.5,52.95519015603062,28.069144508934265,52.95,28.05,778074,855021,1.3138500627316385,3.0203854650054067,64.87853436137341,0.3629738998088806,-0.5108362671931619,0.377567550559028,-0.5293941384814491,operation_enabled,operation_enabled
14.36272910400021,0.35,-0.5,0.35,-0.5,52.95519015603062,28.069144508934265,52.95,28.05,779627,855852,1.317088398844171,3.0271974552014815,64.26978958484726,0.3672052136444472,-0.5169728416493733,0.37388156663408145,-0.5266553986066155,operation_enabled,operation_enabled
14.382843282000067,0.35,-0.5,0.35,-0.5,52.95519015603062,28.069144508934265,52.95,28.05,781183,856684,1.3204045798824837,3.0339859777102838,63.6593585347019,0.3704626456025936,-0.5218924124208599,0.37561758057361927,-0.5296777070143357,operation_enabled,operation_enabled
14.402990029000193,0.35,-0.5,0.35,-0.5,52.95519015603062,28.069144508934265,52.95,28.05,781960,857098,1.3220855358017447,3.037358386574032,63.35329987281964,0.2993651031964686,-0.4223747443523543,0.18703406220459473,-0.265141134400515,operation_enabled,operation_enabled
14.423110969000163,0.35,-0.5,0.35,-0.5,52.95519015603062,28.069144508934265,52.95,28.05,783538,857942,1.3255591329309442,3.0441886280156587,62.73443745457836,0.33091931191172214,-0.4666966778740867,0.3808375393145523,-0.5368132311502725,operation_enabled,operation_enabled
14.443273195000074,0.35,-0.5,0.35,-0.5,52.95519015603062,28.069144508934265,52.95,28.05,785092,858777,1.3290572314259794,3.050888794096445,62.12822208848098,0.34796639705382276,-0.4892151974630865,0.3748793764608155,-0.5247661698975465,operation_enabled,operation_enabled
14.463411417000088,0.35,-0.5,0.35,-0.5,52.95519015603062,28.069144508934265,52.95,28.05,786643,859606,1.332612725384934,3.05752639516371,61.519477311954816,0.3580204970469015,-0.5040831624217994,0.37391226457471544,-0.5275838480026276,operation_enabled,operation_enabled
14.483545062000076,0.35,-0.5,0.35,-0.5,52.95519015603062,28.069144508934265,52.95,28.05,788195,860437,1.3362430609861273,3.06413419204206,60.91157567223824,0.36439333344231434,-0.5129517652881191,0.37446869151927004,-0.5269728924560475,operation_enabled,operation_enabled
14.503646439000022,0.35,-0.5,0.35,-0.5,52.95519015603062,28.069144508934265,52.95,28.05,789749,861268,1.3399465010851757,3.070708558757054,60.30198775890249,0.3686477053544548,-0.5192730515865138,0.37538460024051445,-0.5292829525111247,operation_enabled,operation_enabled
14.52375918100006,0.35,-0.5,0.35,-0.5,52.95519015603062,28.069144508934265,52.95,28.05,791293,862094,1.343695707714253,3.0772021923401236,59.69661552961471,0.37026048231687403,-0.5216166200139055,0.372812908293136,-0.525325617023789,operation_enabled,operation_enabled
14.543864502000133,0.35,-0.5,0.35,-0.5,52.95519015603062,28.069144508934265,52.95,28.05,792061,862507,1.3455894781006896,3.080423210244209,59.397301962209184,0.2988708071557065,-0.42027591298441247,0.18584580558937616,-0.25983207366334615,operation_enabled,operation_enabled
14.56397412199999,0.35,-0.5,0.35,-0.5,52.95519015603062,28.069144508934265,52.95,28.05,793607,863332,1.349442512861811,3.0868594671130927,58.78940032249261,0.3275819707881444,-0.4618290694362417,0.373028116603482,-0.5276024679432886,operation_enabled,operation_enabled
14.584076505000212,0.35,-0.5,0.35,-0.5,52.95519015603062,28.069144508934265,52.95,28.05,795142,864153,1.353338483832886,3.093214225767595,58.18740064044319,0.3443114431043904,-0.4853786999562861,0.37080161806942064,-0.5226682104109576,operation_enabled,operation_enabled
14.60422887499999,0.35,-0.5,0.35,-0.5,52.95519015603062,28.069144508934265,52.95,28.05,796680,864976,1.357309463125512,3.0995410693427483,57.58455782158418,0.3545286306415134,-0.49961519658205017,0.37066684069867256,-0.5221019692080631,operation_enabled,operation_enabled
14.624420455000063,0.35,-0.5,0.35,-0.5,52.95519015603062,28.069144508934265,52.95,28.05,798270,865828,1.3614863991521586,3.106040686516952,56.96232285610452,0.3654391410784896,-0.514455460685051,0.382639000303911,-0.5378503746915153,operation_enabled,operation_enabled
14.644556861000183,0.35,-0.5,0.35,-0.5,52.95519015603062,28.069144508934265,52.95,28.05,799876,866687,1.365774107506356,3.112555060734249,56.33249965933854,0.37391028514007124,-0.5266401097004243,0.38730119959656617,-0.5459012143943298,operation_enabled,operation_enabled
14.664750828000024,0.35,-0.5,0.35,-0.5,52.95519015603062,28.069144508934265,52.95,28.05,801434,867520,1.370001290233792,3.1188284592667257,55.721225472383594,0.3741793564438853,-0.527289686395503,0.3746034833927559,-0.528313589642843,operation_enabled,operation_enabled
14.684856572000172,0.35,-0.5,0.35,-0.5,52.95519015603062,28.069144508934265,52.95,28.05,802211,867936,1.3721354131770171,3.121941657116842,55.41685308412052,0.3020011781217531,-0.42544941161183125,0.18773021293636913,-0.26421804272999183,operation_enabled,operation_enabled
14.704955041000176,0.35,-0.5,0.35,-0.5,52.95519015603062,28.069144508934265,52.95,28.05,803761,868765,1.3764404099434029,3.1281156876551948,54.80895144440395,0.33005852952759696,-0.4650994180899886,0.3744944133385029,-0.5278951914856947,operation_enabled,operation_enabled
14.72505232200001,0.35,-0.5,0.35,-0.5,52.95519015603062,28.069144508934265,52.95,28.05,805310,869594,1.3808087869040382,3.1342411523737836,54.20189294149698,0.3472037476144126,-0.4891313363286519,0.3743591245923004,-0.5271941825384948,operation_enabled,operation_enabled
14.745154796000179,0.35,-0.5,0.35,-0.5,52.95519015603062,28.069144508934265,52.95,28.05,806854,870422,1.3852304544634753,3.1403047832119952,53.59820698582838,0.35731212810522633,-0.5026786248739762,0.37331810549639916,-0.524129894379038,operation_enabled,operation_enabled
14.765250286000082,0.35,-0.5,0.35,-0.5,52.95519015603062,28.069144508934265,52.95,28.05,808410,871254,1.3897463747939929,3.146361808727857,52.987775935683025,0.3645315003470218,-0.5133178674496957,0.3759668898628555,-0.5301702860439937,operation_enabled,operation_enabled
14.785396401000071,0.35,-0.5,0.35,-0.5,52.95519015603062,28.069144508934265,52.95,28.05,809951,872076,1.3942784007980682,3.152307641967254,52.38156056958563,0.3670758795994696,-0.5179178414526173,0.3710960148476576,-0.5251858293565841,operation_enabled,operation_enabled
14.805495270000165,0.35,-0.5,0.35,-0.5,52.95519015603062,28.069144508934265,52.95,28.05,811491,872901,1.3988767969473552,3.158210319627502,51.77871775072662,0.36909130289435577,-0.5200751593822939,0.37228316985763804,-0.5234917477716922,operation_enabled,operation_enabled
14.825589129000036,0.35,-0.5,0.35,-0.5,52.95519015603062,28.069144508934265,52.95,28.05,812263,873315,1.401206105612685,3.161152106426222,51.476874772892316,0.29852470497942296,-0.4202739394956285,0.1867390805713718,-0.26217730438272524,operation_enabled,operation_enabled
14.845717414000092,0.35,-0.5,0.35,-0.5,52.95519015603062,28.069144508934265,52.95,28.05,813805,874140,1.405901179223241,3.1669863042276822,50.87234568041412,0.3270087057786592,-0.4605291107078714,0.3720534726449819,-0.5241888758932454,operation_enabled,operation_enabled
14.865848855000195,0.35,-0.5,0.35,-0.5,52.95519015603062,28.069144508934265,52.95,28.05,815388,874989,1.4107889036131291,3.1729288709339456,50.25348326217284,0.3483951415802661,-0.48997485074260594,0.3822104752459064,-0.5365332176225813,operation_enabled,operation_enabled
14.885976651000192,0.35,-0.5,0.35,-0.5,52.95519015603062,28.069144508934265,52.95,28.05,816978,875838,1.4157550843603743,3.1788349939553764,49.62871888626441,0.36194757833785635,-0.5100307772918372,0.3833800024434177,-0.5417481083756639,operation_enabled,operation_enabled
14.90610550700012,0.35,-0.5,0.35,-0.5,52.95519015603062,28.069144508934265,52.95,28.05,818574,876691,1.420806080815399,3.184710532125086,49.002268236736796,0.3708514184652206,-0.5228732014518183,0.3849316043314717,-0.543181710652252,operation_enabled,operation_enabled
14.926292102000161,0.35,-0.5,0.35,-0.5,52.95519015603062,28.069144508934265,52.95,28.05,819382,877124,1.4233900242073245,3.1876667431826124,48.68609193313941,0.3024147968130183,-0.4260460962854101,0.19450133617802096,-0.2733654444718545,operation_enabled,operation_enabled
14.946445653000183,0.35,-0.5,0.35,-0.5,52.95519015603062,28.069144508934265,52.95,28.05,820953,877964,1.4284566309430342,3.1933689732075985,48.06975892532691,0.33190962488463477,-0.46780271394778417,0.3784944444356747,-0.5337540900378654,operation_enabled,operation_enabled
14.966609385000083,0.35,-0.5,0.35,-0.5,52.95519015603062,28.069144508934265,52.95,28.05,822499,878792,1.4335050607952968,3.198930189685424,47.46438669603912,0.3476498470877796,-0.4895951196933443,0.37249776878211294,-0.5239971747919459,operation_enabled,operation_enabled
14.986725750999994,0.35,-0.5,0.35,-0.5,52.95519015603062,28.069144508934265,52.95,28.05,824061,879627,1.4386618109321299,3.2044907731383527,46.85142623546499,0.3590125398449997,-0.5059444334991875,0.37699221588742265,-0.531814653879668,operation_enabled,operation_enabled
15.006831648000116,0.35,-0.5,0.35,-0.5,52.95519015603062,28.069144508934265,52.95,28.05,825623,880462,1.4438777529521838,3.2099958716074215,46.23846577489087,0.3660488540498543,-0.5160665566796494,0.37718851309459694,-0.5320915660462632,operation_enabled,operation_enabled
15.026965586000188,0.35,-0.5,0.35,-0.5,52.95519015603062,28.069144508934265,52.95,28.05,827168,881289,1.4490969215670328,3.215388370008284,45.633093545603074,0.36863930468369854,-0.5194397269411688,0.3727347084066102,-0.524772580563838,operation_enabled,operation_enabled
15.047098502000154,0.35,-0.5,0.35,-0.5,52.95519015603062,28.069144508934265,52.95,28.05,828719,882122,1.4543994641832763,3.220752424344825,45.02772131631528,0.3709639833128004,-0.5215162108476556,0.37463939818983333,-0.5247992194090455,operation_enabled,operation_enabled
15.067465577000121,0.35,-0.5,0.35,-0.5,52.95519015603062,28.069144508934265,52.95,28.05,830265,882947,1.459729278977782,3.226031094026566,44.41981967659871,0.36992950822853776,-0.5212887189086184,0.36831276332858465,-0.5209331797198896,operation_enabled,operation_enabled
15.08759395800007,0.35,-0.5,0.35,-0.5,52.95519015603062,28.069144508934265,52.95,28.05,831039,883363,1.462425260282984,3.228659136390106,44.11797669876441,0.29908342184371306,-0.42073815033335094,0.18704753731938328,-0.2617276465129537,operation_enabled,operation_enabled
15.107711590000008,0.35,-0.5,0.35,-0.5,52.95519015603062,28.069144508934265,52.95,28.05,832594,884193,1.4678703298714244,3.2338830219623538,43.506702511809465,0.3285143698318816,-0.46317415521346933,0.37508129035425725,-0.5303182399821296,operation_enabled,operation_enabled
15.12783559400009,0.35,-0.5,0.35,-0.5,52.95519015603062,28.069144508934265,52.95,28.05,834149,885028,1.4733821621877126,3.2390595515209295,42.899644008902484,0.34680985994355007,-0.48770021154576254,0.37574861077612975,-0.5264941125986444,operation_enabled,operation_enabled
15.14798521900002,0.35,-0.5,0.35,-0.5,52.95519015603062,28.069144508934265,52.95,28.05,835712,885863,1.4789674641730493,3.2441941943834354,42.28584041151877,0.35832932005496143,-0.504743437822442,0.3765269690780805,-0.5316671518685002,operation_enabled,operation_enabled
15.168108232000122,0.35,-0.5,0.35,-0.5,52.95519015603062,28.069144508934265,52.95,28.05,837272,886697,1.4845979692699003,3.2492603274162195,41.67372308775423,0.36532697780363305,-0.5148774781421137,0.37639601424226904,-0.5309077079129749,operation_enabled,operation_enabled
15.18823348800015,0.35,-0.5,0.35,-0.5,52.95519015603062,28.069144508934265,52.95,28.05,838841,887537,1.4903180027745406,3.2542972567163098,41.05907635356092,0.3705117340994871,-0.5219135561868138,0.3787121723270638,-0.5330421261865474,operation_enabled,operation_enabled
15.20842228000015,0.35,-0.5,0.35,-0.5,52.95519015603062,28.069144508934265,52.95,28.05,839622,887955,1.4931850209540225,3.25678127544894,40.75301769167865,0.2996397374315687,-0.4220462977711491,0.1878982464449648,-0.2645889538162508,operation_enabled,operation_enabled
15.228531957000087,0.35,-0.5,0.35,-0.5,52.95519015603062,28.069144508934265,52.95,28.05,841212,888805,1.499060296806789,3.2617887911204364,40.129096452579816,0.332255799601215,-0.46829647842639016,0.38388276027798884,-0.5415044655084098,operation_enabled,operation_enabled
15.248624023000048,0.35,-0.5,0.35,-0.5,52.95519015603062,28.069144508934265,52.95,28.05,842766,889636,1.5048554935986762,3.26662133293751,39.51950853924406,0.3490121696057631,-0.49199062402359217,0.37555855975305574,-0.5295282310983557,operation_enabled,operation_enabled
15.268726539999989,0.35,-0.5,0.35,-0.5,52.95519015603062,28.069144508934265,52.95,28.05,844311,890465,1.5106745683299,3.2713702427996325,38.915822583575455,0.3585420887149166,-0.5044307180154728,0.37363207703321666,-0.5241287732524501,operation_enabled,operation_enabled
15.288832214000195,0.35,-0.5,0.35,-0.5,52.95519015603062,28.069144508934265,52.95,28.05,845897,891314,1.5166948948982373,3.2761770883885344,38.29443075490539,0.36807694833308535,-0.5179744027211668,0.38317238895251765,-0.5394165525199474,operation_enabled,operation_enabled
15.308956204000197,0.35,-0.5,0.35,-0.5,52.95519015603062,28.069144508934265,52.95,28.05,847471,892153,1.5227120683584587,3.2808756118371543,37.67472519985452,0.3724491555490947,-0.5255230657819239,0.37936486551168036,-0.5374631138524564,operation_enabled,operation_enabled
15.32909967400019,0.35,-0.5,0.35,-0.5,52.95519015603062,28.069144508934265,52.95,28.05,848246,892568,1.525698092992223,3.2831687708769484,37.37119594840104,0.3005397139808442,-0.42377552600021423,0.18690742440443553,-0.2629926628321157,operation_enabled,operation_enabled
15.349227462000044,0.35,-0.5,0.35,-0.5,52.95519015603062,28.069144508934265,52.95,28.05,849820,893412,1.531802645907171,3.2877794894939565,36.75570607739812,0.33135172289329246,-0.46636045503105666,0.38007921868213096,-0.5337061758477227,operation_enabled,operation_enabled
15.369375627000181,0.35,-0.5,0.35,-0.5,52.95519015603062,28.069144508934265,52.95,28.05,851375,894245,1.537879762907022,3.2922683363927088,36.146961300871965,0.34826445864216565,-0.4899909524841052,0.37498396878735135,-0.5273234884976583,operation_enabled,operation_enabled
15.389515554000127,0.35,-0.5,0.35,-0.5,52.95519015603062,28.069144508934265,52.95,28.05,852944,895082,1.5440507196674662,3.2967252565386787,35.52978515624987,0.3597741103663756,-0.5073732472543363,0.37796502004722116,-0.5348458208636662,operation_enabled,operation_enabled
15.409629955000128,0.35,-0.5,0.35,-0.5,52.95519015603062,28.069144508934265,52.95,28.05,854518,895925,1.5502977248508216,3.301135564914975,34.913452148437365,0.367673740710782,-0.5179907693704218,0.38017488571540803,-0.5347929712173718,operation_enabled,operation_enabled
15.42973738600017,0.35,-0.5,0.35,-0.5,52.95519015603062,28.069144508934265,52.95,28.05,856075,896757,1.5565187060276902,3.305428384833888,34.30217796148242,0.3708588268234261,-0.5228673817683613,0.37590096471761647,-0.5305872836163266,operation_enabled,operation_enabled
15.449884653000026,0.35,-0.5,0.35,-0.5,52.95519015603062,28.069144508934265,52.95,28.05,857631,897589,1.5627824772733587,3.3096528687447715,33.69174691133708,0.37246424953867663,-0.5251699395209504,0.37500068250386204,-0.5288077872556504,operation_enabled,operation_enabled
15.470056656999986,0.35,-0.5,0.35,-0.5,52.95519015603062,28.069144508934265,52.95,28.05,858408,898007,1.565933742855011,3.311741843169632,33.38906079669319,0.3006882445347244,-0.42304387806429744,0.1874272518064833,-0.26189114877309533,operation_enabled,operation_enabled
15.490232821000063,0.35,-0.5,0.35,-0.5,52.95519015603062,28.069144508934265,52.95,28.05,859967,898838,1.572269463899438,3.3158692370990597,32.775257199309465,0.3294310450226232,-0.4649129472643114,0.37477721465066366,-0.5309678160274072,operation_enabled,operation_enabled
15.510427562000132,0.35,-0.5,0.35,-0.5,52.95519015603062,28.069144508934265,52.95,28.05,861515,899669,1.5786193486823392,3.319910353203716,32.17072810683127,0.3462302275031887,-0.4872524038904897,0.372709130418316,-0.5224638972989093,operation_enabled,operation_enabled
15.530559864999987,0.35,-0.5,0.35,-0.5,52.95519015603062,28.069144508934265,52.95,28.05,863083,900509,1.5850897622457307,3.3239321653459455,31.55692450944755,0.35870256547578483,-0.5046373822909654,0.3784224578325185,-0.5321246026849908,operation_enabled,operation_enabled
15.550680883000041,0.35,-0.5,0.35,-0.5,52.95519015603062,28.069144508934265,52.95,28.05,864638,901343,1.5915512966230245,3.3278535795185467,30.94902286973098,0.3652651981149607,-0.5134160093053031,0.37564713231151314,-0.5273035957374419,operation_enabled,operation_enabled
15.570792525000115,0.35,-0.5,0.35,-0.5,52.95519015603062,28.069144508934265,52.95,28.05,866205,902180,1.5980951577112321,3.3317299742056723,30.333532998728074,0.3702664338796226,-0.5214380478593675,0.378181962542185,-0.5341346450795089,operation_enabled,operation_enabled
15.591188115000023,0.35,-0.5,0.35,-0.5,52.95519015603062,28.069144508934265,52.95,28.05,866977,902593,1.6013360314880374,3.333614859374282,30.03084688408418,0.2974556628632463,-0.41895828610808317,0.1838213515475055,-0.2590201754707271,operation_enabled,operation_enabled
15.611394490000066,0.35,-0.5,0.35,-0.5,52.95519015603062,28.069144508934265,52.95,28.05,868531,903425,1.6078914939158615,3.3373580447394593,29.42210210755802,0.3270192384963872,-0.4604471753618596,0.37359057251820327,-0.5258043886979137,operation_enabled,operation_enabled
15.631544907000034,0.35,-0.5,0.35,-0.5,52.95519015603062,28.069144508934265,52.95,28.05,870095,904261,1.6145252137911161,3.341052631299897,28.8082985101743,0.3463267363483787,-0.4880472590430585,0.3768261917381652,-0.5316462550104346,operation_enabled,operation_enabled
15.651662248000093,0.35,-0.5,0.35,-0.5,52.95519015603062,28.069144508934265,52.95,28.05,871654,905093,1.6211730820476025,3.3446624024289298,28.19533804960017,0.357829653448696,-0.5049864964296951,0.3760303303322503,-0.5317888791330784,operation_enabled,operation_enabled
15.671773089999988,0.35,-0.5,0.35,-0.5,52.95519015603062,28.069144508934265,52.95,28.05,873220,905933,1.6279011064601177,3.348223096347079,27.583220725835638,0.36583730901164674,-0.5151470752950785,0.37851164622167116,-0.5312290111096932,operation_enabled,operation_enabled
15.691881056000057,0.35,-0.5,0.35,-0.5,52.95519015603062,28.069144508934265,52.95,28.05,874776,906765,1.634616119897566,3.3516857093872945,26.972789675690287,0.36966862802514605,-0.5208359038158923,0.37573362096931845,-0.5298413415562044,operation_enabled,operation_enabled
15.7119920680002,0.35,-0.5,0.35,-0.5,52.95519015603062,28.069144508934265,52.95,28.05,876322,907593,1.6413279122343811,3.3550570023609065,26.367417446402495,0.37114209776219964,-0.5225917370217217,0.3734742528237821,-0.525370806856205,operation_enabled,operation_enabled
15.732182749999993,0.35,-0.5,0.35,-0.5,52.95519015603062,28.069144508934265,52.95,28.05,877090,908004,1.6446743409607179,3.3567048769411545,26.066417605377787,0.29879820490389614,-0.42074869274598364,0.1847467018290866,-0.2601912245418226,operation_enabled,operation_enabled
15.75230116900002,0.35,-0.5,0.35,-0.5,52.95519015603062,28.069144508934265,52.95,28.05,878674,908853,1.6516071490478075,3.3600498458041463,25.446712050326916,0.33125793951883364,-0.4660062604824454,0.38261512832587957,-0.5376119429922318,operation_enabled,operation_enabled
15.772387504000108,0.35,-0.5,0.35,-0.5,52.95519015603062,28.069144508934265,52.95,28.05,880271,909706,1.6586246382317837,3.363342017686126,24.819418263989707,0.3523999909126438,-0.4965930468963153,0.38590398242142987,-0.545064191592869,operation_enabled,operation_enabled
15.792491125000197,0.35,-0.5,0.35,-0.5,52.95519015603062,28.069144508934265,52.95,28.05,881817,910533,1.6654555100374788,3.366457374048203,24.213202897892323,0.36054996046619003,-0.5080908845210867,0.37345418245176737,-0.5262959401460632,operation_enabled,operation_enabled
15.812599211000133,0.35,-0.5,0.35,-0.5,52.95519015603062,28.069144508934265,52.95,28.05,883391,911374,1.6724407554518255,3.369553420374194,23.595183616460638,0.36807209714656713,-0.5190602000940994,0.37997959779380586,-0.536424565810313,operation_enabled,operation_enabled
15.83271449100016,0.35,-0.5,0.35,-0.5,52.95519015603062,28.069144508934265,52.95,28.05,884941,912203,1.6793541079889553,3.3725295263777606,22.987281976744065,0.37043783132010216,-0.5223105563574876,0.3741814360599716,-0.5274540121396316,operation_enabled,operation_enabled
15.853135477000023,0.35,-0.5,0.35,-0.5,52.95519015603062,28.069144508934265,52.95,28.05,885714,912617,1.6828152222376664,3.3739870001276655,22.684595862100174,0.29753660213410127,-0.4192861769405913,0.1839026083347307,-0.2586980521234628,operation_enabled,operation_enabled
15.873251938000067,0.35,-0.5,0.35,-0.5,52.95519015603062,28.069144508934265,52.95,28.05,887274,913455,1.689830603992983,3.3768756993949482,22.07585108557401,0.3283657147879766,-0.461445063363368,0.37714771148203335,-0.5281545623097311,operation_enabled,operation_enabled
15.893385414000022,0.35,-0.5,0.35,-0.5,52.95519015603062,28.069144508934265,52.95,28.05,888833,914289,1.6968616514677055,3.379683678694004,21.464576898619068,0.34683823868612934,-0.4879680747407344,0.3760432650787968,-0.5299009070683443,operation_enabled,operation_enabled
15.913545053000007,0.35,-0.5,0.35,-0.5,52.95519015603062,28.069144508934265,52.95,28.05,890387,915119,1.7038956811970059,3.382406260925546,20.854145848473717,0.357425721006429,-0.5036780495682659,0.3741427876778609,-0.5284832571382302,operation_enabled,operation_enabled
15.933660012000018,0.35,-0.5,0.35,-0.5,52.95519015603062,28.069144508934265,52.95,28.05,891977,915969,1.7111245359207004,3.3851150870421707,20.23022460937488,0.36763161031535707,-0.5182704598308475,0.38378195625604444,-0.5413622715010921,operation_enabled,operation_enabled
15.953792233000058,0.35,-0.5,0.35,-0.5,52.95519015603062,28.069144508934265,52.95,28.05,893550,916811,1.71830792367587,3.3877185654451565,19.61389160156238,0.37223913180889023,-0.524488413693086,0.37952406893625934,-0.5343196001587088,operation_enabled,operation_enabled
15.97391089000007,0.35,-0.5,0.35,-0.5,52.95519015603062,28.069144508934265,52.95,28.05,895101,917640,1.7254142300623,3.3902084840708353,19.005146825036217,0.3730279105811152,-0.5258858853844316,0.3742758869306844,-0.5280969129645381,operation_enabled,operation_enabled
15.994007956000132,0.35,-0.5,0.35,-0.5,52.95519015603062,28.069144508934265,52.95,28.05,895878,918057,1.728989170732733,3.3914292110858963,18.70161757358273,0.30140675842406356,-0.4243766227743334,0.18796870337964766,-0.26359991124877546,operation_enabled,operation_enabled
16.014101593000078,0.35,-0.5,0.35,-0.5,52.95519015603062,28.069144508934265,52.95,28.05,897421,918884,1.7361040944895547,3.3937960001139142,18.097931617914128,0.3291764693947148,-0.4630680479170594,0.37316737825033297,-0.5243604019767214,operation_enabled,operation_enabled
16.034233693000033,0.35,-0.5,0.35,-0.5,52.95519015603062,28.069144508934265,52.95,28.05,898968,919710,1.743252681323817,3.396090331875487,17.490029978197555,0.34612634225333416,-0.48784242003592426,0.3729258917313759,-0.5270133339964563,operation_enabled,operation_enabled
16.054346985000166,0.0,0.8,0.33390936639989377,-0.4597734159997344,50.091634004964206,27.207749569182578,52.95,28.05,900522,920540,1.7504585049761303,3.398318814258624,16.879598928052207,0.357308388408142,-0.5040504534745264,0.3750049238077935,-0.5297010395599392,operation_enabled,operation_enabled
16.075103764999994,0.0,0.8,0.3173039424000308,-0.418259856000077,47.13646361095563,26.318795873423902,52.8,27.95,902066,921368,1.7576511478982122,3.4004599940137386,16.275912972383605,0.358982654146466,-0.5054546431715098,0.361550178283696,-0.507607999629645,operation_enabled,operation_enabled
16.095207251000147,0.0,0.8,0.3012211535999086,-0.37805288399977144,44.27430355315729,25.45782089668782,52.15,27.65,903656,922219,1.7650761827452766,3.4025840929460016,15.652834870094361,0.368727999453141,-0.5191904909788566,0.3841583569312713,-0.5409392372020799,operation_enabled,operation_enabled
16.115320781000037,0.0,0.8,0.2851303295999969,-0.3378258239999923,41.41071351774874,24.596415764085243,51.15,27.15,905171,923029,1.7721694675740352,3.404532000431147,15.058423419331275,0.3675632099141948,-0.5178753071941969,0.3657198535984607,-0.5157939420593445,operation_enabled,operation_enabled
16.135428933000185,0.0,0.8,0.2690438079998785,-0.2976095199996962,38.54788915532104,23.735240955875284,50.5,26.9,905923,923433,1.775703689086944,3.4054731580663056,14.765011809592904,0.2956786319901466,-0.4159768799648266,0.18188611730652396,-0.2546727642338068,operation_enabled,operation_enabled
16.15555053600019,0.0,0.8,0.25294652559987296,-0.25736631399968246,35.68314975614134,22.873490079699277,49.1,26.25,907389,924224,1.7826175960811372,3.4072586997258765,14.195894463117613,0.31860815977321216,-0.446059111508793,0.3548810917999159,-0.4936471277265423,operation_enabled,operation_enabled
16.175656760000038,0.0,0.8,0.23686154639999585,-0.21715386599998965,32.820599885682576,22.0123978422442,47.5,25.55,908820,925001,1.789398159385096,3.408939255240684,13.644482989643777,0.329770512356776,-0.4586778351403649,0.34744209097066536,-0.47865505454755464,operation_enabled,operation_enabled
16.1957827130002,0.0,0.8,0.22076078399986726,-0.17690195999966818,29.955241171191524,21.150460667966403,45.75,24.8,910195,925749,1.795932637745335,3.4104935965840673,13.11583621002895,0.3313078751447948,-0.4585873435186404,0.3337393514285443,-0.4584442229528143,operation_enabled,operation_enabled
16.215902988000153,0.0,0.8,0.20466456399990418,-0.1366614099997605,27.090690841146817,20.288766666245643,43.95,24.0,911500,926469,1.8021784534671141,3.411920548296251,12.622601176417032,0.3263178343815027,-0.44668526265833464,0.3184234129214598,-0.42785574862831816,operation_enabled,operation_enabled
16.236017412000137,0.0,0.8,0.18857302479991628,-0.09643256199979078,24.22697352575487,19.427323246168385,42.05,23.2,912748,927161,1.808173366641072,3.4132373221743117,12.15381711028331,0.3181197158083063,-0.43122689410838116,0.30514622877254854,-0.4067640930173508,operation_enabled,operation_enabled
16.256127289000005,0.0,0.8,0.17248512320002188,-0.05621280800005479,21.363903572821215,18.566074561139562,40.05,22.35,913950,927835,1.8139804824459713,3.4144643795155343,11.708640874818194,0.3092251163996822,-0.4138585131944925,0.29514626884915707,-0.386366911172596,operation_enabled,operation_enabled
16.276266605000046,0.0,0.8,0.1563736703999893,-0.015934175999973377,18.496642350252273,17.703565087683863,39.05,21.95,914528,928163,1.816788336809863,3.415040915162506,11.497856672419935,0.24455073149395132,-0.3242698708404316,0.142330298097364,-0.1826714642658299,operation_enabled,operation_enabled
16.29638709400001,0.0,0.8,0.14027727920001776,0.024306801999955496,15.632061552741257,16.84186192095291,37.0,21.05,915646,928800,1.8222333121789154,3.4161284426064102,11.092307867005692,0.25671690672453484,-0.33492776909717087,0.27596402270141757,-0.35178876278905935,operation_enabled,operation_enabled
16.316506009000022,0.0,0.8,0.12418214720000828,0.06454463199997917,12.767704847698344,15.980226164151384,34.95,20.15,916698,929409,1.827393527944404,3.41712266221652,10.718798260355982,0.2584544447400941,-0.3307042599381363,0.2612034773194969,-0.32402206698832914,operation_enabled,operation_enabled
16.336623035000002,0.0,0.8,0.10808852640002437,0.10477868399993895,9.903617082104073,15.118671307834404,32.8,19.2,917717,930009,1.832429308651786,3.418059822394713,10.365523937136505,0.25697055140816855,-0.32132977092016785,0.25462260038601164,-0.3064966015821965,operation_enabled,operation_enabled
16.35671133300002,0.0,0.8,0.09201788800000935,0.14495527999997648,7.043619360098686,14.258346789832782,30.65,18.3,918651,930567,1.8370750390143535,3.4188963083834447,10.048504496729526,0.2484639122926989,-0.303572686286734,0.23498468508963177,-0.2754356306306551,operation_enabled,operation_enabled
16.376848590999998,0.0,0.8,0.07590808160002774,0.1852297959999305,4.176651137737827,13.39592545465106,28.5,17.4,919521,931097,1.841438378940878,3.419658238923376,9.761837981467899,0.2374184678558801,-0.28221643451402084,0.21995892017795304,-0.24845858093190715,operation_enabled,operation_enabled
16.39698271300017,0.0,0.8,0.05980078399988991,0.22549804000027507,1.3101293918429051,12.533638425398117,27.45,16.95,919937,931354,1.8435372311181735,3.420016806572218,9.627779228742607,0.1864044094238871,-0.2178960961754654,0.10575386437840664,-0.11620902198532541,operation_enabled,operation_enabled
16.417098346000103,0.0,0.8,0.04370827759994421,0.26572930600013933,-1.5537600504806064,11.6721432273008,25.3,16.0,920707,931842,1.8474626464064205,3.4206743224358136,9.390014648437376,0.19084092916372983,-0.2134041172061815,0.1978612804171368,-0.2062960072378918,operation_enabled,operation_enabled
16.437210281000034,0.0,0.8,0.027618729599998854,0.3059531760000027,-4.417123003622347,10.810806403998,23.15,15.1,921416,932305,1.8511220633513854,3.4212726770878383,9.182602993277492,0.18833499969184597,-0.20046773631712822,0.1843688864114348,-0.17999343621403674,operation_enabled,operation_enabled
16.4573408130002,0.0,0.8,0.0115143039998656,0.34621424000033585,-7.2831336364384835,9.948673124207781,20.95,14.15,922072,932742,1.854536702713986,3.4218190195442717,8.99795603197662,0.18192233760668966,-0.18482491557681238,0.17178244791850691,-0.16009002784805207,operation_enabled,operation_enabled
16.477447145000042,0.0,0.8,0.0,0.3864269040000181,-9.616637572210573,9.616637572210573,18.8,13.2,922651,933147,1.8576122252630025,3.4223019866458095,8.851250227107435,0.17143706607917977,-0.16257402211680289,0.15483749144490938,-0.12734790844873434,operation_enabled,operation_enabled
16.497544195000046,0.0,0.8,0.0,0.426621004000026,-10.616909779554724,10.616909779554724,16.6,12.35,923169,933528,1.8604230802974557,3.4227368032443284,8.73574048419319,0.15986159928508528,-0.13847850546552626,0.1415276372471158,-0.10031449053395176,operation_enabled,operation_enabled
16.517653096000004,0.0,0.8,0.0,0.46683880599994154,-11.617771835950506,11.617771835950506,15.55,12.05,923403,933705,1.8617084145521194,3.4229337559023874,8.687681686046389,0.12300544212621323,-0.10101469279449661,0.06466471435378494,-0.04171208870215291,operation_enabled,operation_enabled
16.537747972000034,0.0,0.8,0.0,0.5070285580000018,-12.617935838769487,12.617935838769487,13.35,11.75,923825,934058,1.8641324415915268,3.423302891545109,8.62950524618447,0.12262400040415936,-0.081477082575332,0.12201978333343677,-0.05052882250566932,operation_enabled,operation_enabled
16.55785164100007,0.0,0.8,0.0,0.5472358960000747,-13.618537487587535,13.618537487587535,11.2,11.8,924178,934405,1.8663220691168236,3.4236350961425623,8.624446425326912,0.11780048630850014,-0.05163775581329989,0.11016321262083442,-0.004391888875249166,operation_enabled,operation_enabled
16.577947460000132,0.0,0.8,0.0,0.5874275340001986,-14.61874842549019,14.61874842549019,9.05,12.1,924469,934756,1.8683301490836304,3.4239405730785637,8.675034633902495,0.1113276266117208,-0.014650429135414263,0.10107487088497423,0.04393604472287514,operation_enabled,operation_enabled
16.59804417800001,0.0,0.8,0.0,0.6276209699999526,-15.619004108493717,15.619004108493717,6.9,12.6,924696,935117,1.8701689236532613,3.4242229806190556,8.788014966387962,0.10406782752460864,0.028993022162011606,0.09256910509067687,0.09811944377591127,operation_enabled,operation_enabled
16.61815229700005,0.0,0.8,0.0,0.6678372080000372,-16.619827243118312,16.619827243118312,4.75,13.2,924865,935502,1.8719006831233935,3.4244935189477563,8.970132517260053,0.09752471429517875,0.07896607459969213,0.08716701933950886,0.15807300963255744,operation_enabled,operation_enabled
16.6383140060002,0.0,0.8,0.0,0.7081606260003355,-17.623317664120684,17.623317664120684,2.55,13.95,924973,935908,1.8735064444380274,3.4247505983593878,9.221387286518775,0.09098430491538866,0.13268769505557876,0.08065840959936665,0.21750254330478022,operation_enabled,operation_enabled
16.65841573800003,0.0,0.8,0.0,0.7483640899999955,-18.623822904387616,18.623822904387616,1.45,14.35,925000,936119,1.8742495416965486,3.424872271297292,9.37652445948389,0.07026616649439986,0.1334656626704823,0.03745910149731038,0.1346975703635941,operation_enabled,operation_enabled
16.678534601000138,0.0,0.8,0.0,0.7886018160002095,-19.6251807903643,19.6251807903643,-0.7,15.2,925007,936555,1.8756316643091915,3.4251049823889517,9.738230150799298,0.07003332066836916,0.20329796711693537,0.06966492446038362,0.3137829029713326,operation_enabled,operation_enabled
16.6986702480001,0.0,0.8,0.0,0.8,-19.90883651767709,19.90883651767709,-2.85,16.1,924952,937018,1.876903064645507,3.4253281717693445,10.174975018168483,0.06773720530920065,0.27120884460803996,0.06410744253751917,0.3785642411586289,operation_enabled,operation_enabled
16.71883880600012,0.0,0.8,0.0,0.8,-19.90883651767709,19.90883651767709,-5.0,17.0,924837,937508,1.878069895230691,3.4255429573509386,10.685072787972263,0.06428095424365426,0.3372285409479435,0.05882613251918879,0.44142400215949423,operation_enabled,operation_enabled
16.738961102000076,0.0,0.8,0.0,0.8,-19.90883651767709,19.90883651767709,-7.15,17.7,924654,938022,1.8790979531742487,3.425742398808982,11.272739144258601,0.05954110225682262,0.404036642212492,0.05204324144382275,0.5097188124266769,operation_enabled,operation_enabled
16.759068596000134,0.0,0.8,0.0,0.8,-19.90883651767709,19.90883651767709,-9.3,18.2,924411,938550,1.8799812317237121,3.4259236740042254,11.922797624454823,0.05385111557242208,0.4660618745341531,0.044843633019431686,0.5642503640633509,operation_enabled,operation_enabled
16.77918283300005,0.0,0.8,0.0,0.8,-19.90883651767709,19.90883651767709,-11.45,18.6,924106,939091,1.8807108099096594,3.4260824736078965,12.63609136537052,0.04737296577472988,0.5252558673456549,0.03712122654746737,0.618930974756748,operation_enabled,operation_enabled
16.799300082000173,0.0,0.8,0.0,0.8,-19.90883651767709,19.90883651767709,-13.45,18.9,923740,939641,1.881277980075532,3.426213647150299,13.408404682957727,0.04023378153357205,0.5813252800968606,0.028937639982437494,0.670042422242486,operation_enabled,operation_enabled
16.819410629000004,0.0,0.8,0.0,0.8,-19.90883651767709,19.90883651767709,-14.3,19.05,923536,939922,1.8815147512982304,3.4262709844174974,13.817326035610346,0.029346386236050535,0.49365468414928193,0.012113808932105875,0.35488960024592864,operation_enabled,operation_enabled
16.83952666800019,0.0,0.8,0.0,0.8,-19.90883651767709,19.90883651767709,-15.6,19.25,923098,940483,1.8818919450716445,3.42636669865566,14.659619708393777,0.025473569866471073,0.5854870987937395,0.019345346821167963,0.7307998288654485,operation_enabled,operation_enabled
16.85965349700018,0.0,0.8,0.0,0.8,-19.90883651767709,19.90883651767709,-16.65,19.4,922624,941056,1.8821943457037305,3.426448298280766,15.54238394803767,0.02163425382628249,0.6552195076516203,0.015562297574373468,0.765502727759879,operation_enabled,operation_enabled
16.87976846000015,0.0,0.8,0.0,0.8,-19.90883651767709,19.90883651767709,-17.4,19.5,922129,941627,1.882425489650364,3.4265145418364127,16.441167787063833,0.017885728278475246,0.703481615156557,0.011953861834170128,0.7798541441386382,operation_enabled,operation_enabled
16.899882337999998,0.0,0.8,0.0,0.8,-19.90883651767709,19.90883651767709,-18.0,19.6,921614,942199,1.8825980387860937,3.426566964340031,17.35765749909145,0.014431821245187914,0.7390196725879015,0.008965879994756593,0.7952600207507476,operation_enabled,operation_enabled
16.919991084999992,0.0,0.8,0.0,0.8,-19.90883651767709,19.90883651767709,-18.45,19.7,921077,942784,1.8827426065545398,3.4266134653149902,18.303656999454823,0.011768316271184623,0.77078815118773,0.007552141264730125,0.821075823549147,operation_enabled,operation_enabled
16.940106933000152,0.0,0.8,0.0,0.8,-19.90883651767709,19.90883651767709,-18.8,19.75,920533,943365,1.8828534363872031,3.4266511472169063,19.252185910246972,0.009464658142159604,0.7909991076656375,0.005819387225166683,0.8229805943824652,operation_enabled,operation_enabled
16.960253412000156,0.0,0.8,0.0,0.8,-19.90883651767709,19.90883651767709,-18.95,19.75,920258,943654,1.882895191934994,3.426665925390194,19.72771507085744,0.006648325451082744,0.644083574462367,0.0021985824545414537,0.4119603004522861,operation_enabled,operation_enabled
16.980366145000062,0.0,0.8,0.0,0.8,-19.90883651767709,19.90883651767709,-19.2,19.8,919699,944239,1.8829723862431458,3.4266943426468663,20.692263581031856,0.005657709581818152,0.7187849284292248,0.004089932469682506,0.8370094356559528,operation_enabled,operation_enabled
17.000474049000104,0.0,0.8,0.0,0.8,-19.90883651767709,19.90883651767709,-19.35,19.8,919139,944819,1.8830313907674607,3.4267171968351695,21.653439543967902,0.004685644697763823,0.7634995303324853,0.003146857449694891,0.8342831378260881,operation_enabled,operation_enabled
17.02059142799999,0.0,0.8,0.0,0.8,-19.90883651767709,19.90883651767709,-19.5,19.85,918573,945404,1.8830870711244654,3.426739850065656,22.623890011809475,0.004028260843676361,0.7938748153658376,0.002988106558295345,0.8419365112846846,operation_enabled,operation_enabled
17.040697292000004,0.0,0.8,0.0,0.8,-19.90883651767709,19.90883651767709,-19.6,19.85,918006,945988,1.8831365399598496,3.4267609596145574,23.594340479651045,0.00350442349249523,0.8126671905554358,0.0026751002282318533,0.8424187038836841,operation_enabled,operation_enabled
17.060797774000093,0.0,0.8,0.0,0.8,-19.90883651767709,19.90883651767709,-19.65,19.85,917431,946570,1.8831567589400808,3.426769996419847,24.569849768350174,0.0025744719018442257,0.8259702364260377,0.0011018067937376334,0.8470368507338453,operation_enabled,operation_enabled
17.08091079000019,0.0,0.8,0.0,0.8,-19.90883651767709,19.90883651767709,-19.7,19.85,916860,947154,1.883194017565532,3.426787415360098,25.543672783430114,0.0023694331344901558,0.8333563701448686,0.0020449374611439604,0.8450457129235355,operation_enabled,operation_enabled
17.101012442000183,0.0,0.8,0.0,0.8,-19.90883651767709,19.90883651767709,-19.75,19.9,916283,947739,1.8832167598815635,3.4267985240110552,26.523397756177207,0.0019396680187381405,0.8400494015347504,0.0012591344731328888,0.8506478242909421,operation_enabled,operation_enabled
17.12110642200014,0.0,0.8,0.0,0.8,-19.90883651767709,19.90883651767709,-19.8,19.9,915993,948035,1.8832337082105537,3.426807074254648,27.01747592659872,0.001554638645452511,0.6810383273438696,0.0009447114135739414,0.4291479754684699,operation_enabled,operation_enabled
17.141229693000014,0.0,0.8,0.0,0.8,-19.90883651767709,19.90883651767709,-19.8,19.9,915416,948620,1.883256157290001,3.426818764160402,27.997200899345813,0.001439658048806545,0.7463786428627456,0.0012577817493125447,0.8497339492448724,operation_enabled,operation_enabled
17.16139499000019,0.0,0.8,0.0,0.8,-19.90883651767709,19.90883651767709,-19.85,19.9,914842,949206,1.883289526432819,3.4268368717368176,28.975239598473717,0.0016114951764205907,0.7852092723927155,0.0018827406558821575,0.8465035507067011,operation_enabled,operation_enabled
17.181499319000068,0.0,0.8,0.0,0.8,-19.90883651767709,19.90883651767709,-19.85,19.9,914252,949801,1.8833032979940534,3.426844655316778,29.97435671784145,0.001292274016452615,0.81701379147184,0.0007868542578648947,0.8673695772743295,operation_enabled,operation_enabled
17.201598427000135,0.0,0.8,0.0,0.8,-19.90883651767709,19.90883651767709,-19.85,19.9,913676,950381,1.8833142063660766,3.4268510710183095,30.94902286973099,0.0010358097618189163,0.8283730044194381,0.0006296469226402391,0.846362607642005,operation_enabled,operation_enabled
17.22169914599999,0.0,0.8,0.0,0.8,-19.90883651767709,19.90883651767709,-19.85,19.9,913092,950973,1.8833357997355014,3.426864274846658,31.940551757812383,0.0011222725847534428,0.8409770716988858,0.001259192917442115,0.8609365528557664,operation_enabled,operation_enabled
17.241805472000124,0.0,0.8,0.0,0.8,-19.90883651767709,19.90883651767709,-19.9,19.9,912511,951560,1.8833518215745675,3.4268744555419115,32.925335551417035,0.0010533093311411346,0.8463443198616921,0.0009441313271236245,0.8548413876592194,operation_enabled,operation_enabled
17.261940863000063,0.0,0.8,0.0,0.8,-19.90883651767709,19.90883651767709,-19.9,19.9,912221,951854,1.8833624145219083,3.4268813798577207,33.41772744821936,0.0008887134176066835,0.6837851026582168,0.0006285123293654623,0.4268037213365474,operation_enabled,operation_enabled
17.282074916000056,0.0,0.8,0.0,0.8,-19.90883651767709,19.90883651767709,-19.9,19.9,911645,952439,1.883386046447411,3.426897264144677,34.39660928415686,0.0010923332934635517,0.7476231257644599,0.0014142467179925399,0.8485480307955235,operation_enabled,operation_enabled
17.30216752199999,0.0,0.8,0.0,0.8,-19.90883651767709,19.90883651767709,-19.9,19.9,911060,953029,1.8833990216845353,3.426906313086271,35.38729503542865,0.0009743012955605801,0.791322552326529,0.0007873133467665689,0.8605517976285788,operation_enabled,operation_enabled
17.32226878900019,0.0,0.8,0.0,0.8,-19.90883651767709,19.90883651767709,-19.9,19.9,910483,953614,1.8834195300571803,3.4269211462152738,36.36702000817575,0.001084560179007969,0.8142917189195236,0.0012591585893496698,0.8506641167583255,operation_enabled,operation_enabled
17.342371131000164,0.0,0.8,0.0,0.8,-19.90883651767709,19.90883651767709,-19.9,19.9,909900,954201,1.883429655483074,3.4269287376224353,37.353490075399584,0.000908433248017699,0.8306199615695353,0.0006295456270753782,0.856474864742079,operation_enabled,operation_enabled
17.362480384000037,0.0,0.8,0.0,0.8,-19.90883651767709,19.90883651767709,-19.9,19.9,909322,954783,1.8834396492856946,3.4269365014931674,38.33152877452749,0.0008003749806134221,0.837682858204743,0.0006293292694729344,0.8488627355681387,operation_enabled,operation_enabled
17.38258196600009,0.0,0.8,0.0,0.8,-19.90883651767709,19.90883651767709,-19.9,19.9,908742,955371,1.8834593679960685,3.4269523693022204,39.31631256813215,0.0009779490846237738,0.8444025131396934,0.0012591388578295703,0.8550431313633381,operation_enabled,operation_enabled
17.402673016000108,0.0,0.8,0.0,0.8,-19.90883651767709,19.90883651767709,-19.9,19.9,908453,955664,1.8834691244695136,3.4269604295699234,39.80701819131529,0.0008432725071498931,0.6826117870325273,0.000629899457720955,0.4262807958065041,operation_enabled,operation_enabled
17.422783213000002,0.0,0.8,0.0,0.8,-19.90883651767709,19.90883651767709,-19.9,19.9,907877,956247,1.883486016060059,3.4269747524585736,40.7842137536336,0.0009431637845622088,0.7466808383459635,0.0011012745238256508,0.848091144926204,operation_enabled,operation_enabled
17.442875861000175,0.0,0.8,0.0,0.8,-19.90883651767709,19.90883651767709,-19.9,19.9,907292,956837,1.8834979040166988,3.4269851887706295,41.7748995049054,0.000882854429159131,0.7907442573960433,0.0007873117010229163,0.8605499987924935,operation_enabled,operation_enabled
17.46296531600001,0.0,0.8,0.0,0.8,-19.90883651767709,19.90883651767709,-19.9,19.9,906712,957424,1.883514292928317,3.427000084218985,42.75884016170046,0.0009678071566731048,0.8155395565163854,0.0011024115699147744,0.854826778797699,operation_enabled,operation_enabled
17.483090544000106,0.0,0.8,0.0,0.8,-19.90883651767709,19.90883651767709,-19.9,19.9,906130,958009,1.883521206088893,3.427006587655413,43.74278081849552,0.0007756100681811278,0.8301688855320124,0.00047162229044046464,0.8533073068899566,operation_enabled,operation_enabled
17.503216522000002,0.0,0.8,0.0,0.8,-19.90883651767709,19.90883651767709,-19.9,19.9,905548,958596,1.883532540031295,3.4270176231407015,44.72840774890976,0.0007796377418499273,0.8396858846530488,0.0007860078588554594,0.8547378483739868,operation_enabled,operation_enabled
17.523332570000093,0.0,0.8,0.0,0.8,-19.90883651767709,19.90883651767709,-19.9,19.9,904967,959184,1.8835481394439275,3.4270333434807077,45.714034679324,0.0009040648084954405,0.8456780180188138,0.0011009542045733254,0.8551597775057973,operation_enabled,operation_enabled
17.543654524000203,0.0,0.8,0.0,0.8,-19.90883651767709,19.90883651767709,-19.9,19.9,904677,959478,1.8835569368724332,3.4270424408393616,46.206426576126326,0.0007944444943910672,0.6809323768266358,0.0006227423553851158,0.42288550644756795,operation_enabled,operation_enabled
17.563783562000026,0.0,0.8,0.0,0.8,-19.90883651767709,19.90883651767709,-19.9,19.9,904095,960066,1.8835699556914214,3.4270562559110105,47.19289664335016,0.0008520196926433506,0.7484965638654284,0.000943066044698799,0.8553389707733388,operation_enabled,operation_enabled
17.58389349500021,0.0,0.8,0.0,0.8,-19.90883651767709,19.90883651767709,-19.9,19.9,903510,960658,1.8835848637315915,3.427072633363088,48.18526866824115,0.0009485291217215435,0.7921604692824941,0.0011012889811664215,0.8612738410849657,operation_enabled,operation_enabled
17.604014313000107,0.0,0.8,0.0,0.8,-19.90883651767709,19.90883651767709,-19.9,19.9,902929,961242,1.8835911310017892,3.42707976132257,49.16752305141703,0.0007638642115826341,0.8153484299682761,0.0004717256587228012,0.8520316161427335,operation_enabled,operation_enabled
17.624289149000106,0.0,0.8,0.0,0.8,-19.90883651767709,19.90883651767709,-19.9,19.9,902342,961836,1.8836054653748706,3.42709664315491,50.16326762354639,0.0008916738385824485,0.8316223417289436,0.0010923317764494,0.8571719787287371,operation_enabled,operation_enabled
17.64441863800016,0.0,0.8,0.0,0.8,-19.90883651767709,19.90883651767709,-19.9,19.9,901754,962427,1.8836114821260657,3.4271039838043236,51.157325922056565,0.0007289071938559299,0.8433515927611912,0.00047152245767473306,0.8618991900751896,operation_enabled,operation_enabled
17.664536000999988,0.0,0.8,0.0,0.8,-19.90883651767709,19.90883651767709,-19.9,19.9,901173,963018,1.88363111172294,3.4271287958889465,52.14548226289959,0.0010556675742990286,0.848752563829019,0.001572688913075445,0.8572983284299611,operation_enabled,operation_enabled
17.684649271000126,0.0,0.8,0.0,0.8,-19.90883651767709,19.90883651767709,-19.9,19.9,900881,963316,1.883642695600108,3.4271438347147063,52.64293298055947,0.001012353553423191,0.6872518164290305,0.0009438053707803111,0.43166292151967695,operation_enabled,operation_enabled
17.704753310000115,0.0,0.8,0.0,0.8,-19.90883651767709,19.90883651767709,-19.9,19.9,900290,963909,1.8836464910971167,3.42714889758017,53.64120696311761,0.0007423099005570311,0.7566968649391802,0.00031474624328134713,0.8666501210351605,operation_enabled,operation_enabled
17.724883781000017,0.0,0.8,0.0,0.8,-19.90883651767709,19.90883651767709,-19.9,19.9,899709,964495,1.8836557594896008,3.4271617169837354,54.625147619912674,0.000759171031006473,0.794038768422807,0.000785832426630639,0.8530850622120436,operation_enabled,operation_enabled
17.744991287000175,0.0,0.8,0.0,0.8,-19.90883651767709,19.90883651767709,-19.9,19.9,899120,965088,1.8836629958526963,3.427172099116455,55.62173532885162,0.0007089251665427552,0.8215250772955722,0.0006293839474650331,0.8650370068647263,operation_enabled,operation_enabled
17.765118161000146,0.0,0.8,0.0,0.8,-19.90883651767709,19.90883651767709,-19.9,19.9,898535,965681,1.8836771058593063,3.4271931115495655,56.614950490552204,0.0009214480637760067,0.8369249223534105,0.001257556588278445,0.8612800354604719,operation_enabled,operation_enabled
17.785241527000153,0.0,0.8,0.0,0.8,-19.90883651767709,19.90883651767709,-19.9,19.9,897954,966269,1.8836891327929415,3.4272117078833904,57.600577420966445,0.0009908207085564092,0.8438673357017763,0.0011005538350339114,0.8548487927937873,operation_enabled,operation_enabled
17.805355759000122,0.0,0.8,0.0,0.8,-19.90883651767709,19.90883651767709,-19.9,19.9,897372,966854,1.8836941494550214,3.4272197651519165,58.58451807776151,0.0007898764955377447,0.8477033139772766,0.00047188011578354317,0.8537737908827824,operation_enabled,operation_enabled
17.825495026,0.0,0.8,0.0,0.8,-19.90883651767709,19.90883651767709,-19.9,19.9,897083,967149,1.88370397443221,3.427236007761298,59.076909974563826,0.0008490541650130294,0.6845664683591876,0.0009425870489825159,0.42672157876417754,operation_enabled,operation_enabled
17.84566175000009,0.0,0.8,0.0,0.8,-19.90883651767709,19.90883651767709,-19.9,19.9,896499,967737,1.883710383909089,3.4272469197869957,60.06506631540685,0.0007631407799441892,0.7507447379746586,0.0006275358109725181,0.8551999656509294,operation_enabled,operation_enabled
17.865787834000002,0.0,0.8,0.0,0.8,-19.90883651767709,19.90883651767709,-19.9,19.9,895911,968332,1.8837212679367896,3.427266207306638,61.062497161155406,0.0008937834786591688,0.7949908924334151,0.0011004052067553538,0.8649696741472283,operation_enabled,operation_enabled
17.885893198000076,0.0,0.8,0.0,0.8,-19.90883651767709,19.90883651767709,-19.9,19.9,895323,968925,1.883728801448668,3.4272801172404033,62.05824173328477,0.0008523738456719705,0.821859163943619,0.0007868137515447548,0.8643972470459037,operation_enabled,operation_enabled
17.905993710000075,0.0,0.8,0.0,0.8,-19.90883651767709,19.90883651767709,-19.9,19.9,894740,969513,1.8837360931284985,3.427294155458596,63.0455549373182,0.000827071787716819,0.8355709990179169,0.0007870036780690632,0.8572849367617459,operation_enabled,operation_enabled
17.926104984000176,0.0,0.8,0.0,0.8,-19.90883651767709,19.90883651767709,-19.9,19.9,894152,970107,1.883744550196526,3.4273111502716094,64.04214264625716,0.0008723055682861457,0.8469170488123416,0.00094389904140283,0.8648749356109645,operation_enabled,operation_enabled
17.94621284499999,0.0,0.8,0.0,0.8,-19.90883651767709,19.90883651767709,-19.9,19.9,893560,970705,1.883752709386609,3.4273282900838242,65.04547544967286,0.0009000846420282189,0.8561927763365065,0.0009440592537545079,0.8708763658665711,operation_enabled,operation_enabled
17.966346408000163,0.0,0.8,0.0,0.8,-19.90883651767709,19.90883651767709,-19.9,19.9,893270,971001,1.8837606439908878,3.427345535215775,65.53955362009437,0.0009166555808220969,0.6904082155494399,0.000942854091445342,0.42830426169532326,operation_enabled,operation_enabled
17.98645083800011,0.0,0.8,0.0,0.8,-19.90883651767709,19.90883651767709,-19.9,19.9,892683,971589,1.8837619290620535,3.427348426270426,66.53023937136616,0.0006227328015360172,0.7560756283115919,0.00015737006097772414,0.860045682087601,operation_enabled,operation_enabled
18.00656608500003,0.0,0.8,0.0,0.8,-19.90883651767709,19.90883651767709,-19.9,19.9,892102,972179,1.8837730438726452,3.42737464151636,67.5175525753996,0.0009297443504471506,0.7950239393991546,0.00141556891522328,0.8566569507630285,operation_enabled,operation_enabled
18.026698213000145,0.0,0.8,0.0,0.8,-19.90883651767709,19.90883651767709,-19.9,19.9,891512,972775,1.8837801495577953,3.4273922442106404,68.51751283157694,0.0009348495095823831,0.8228720601896374,0.0009429212972407806,0.86690283606788,operation_enabled,operation_enabled
18.046818913000152,0.0,0.8,0.0,0.8,-19.90883651767709,19.90883651767709,-19.9,19.9,890926,973367,1.8837869480080551,3.4274099678334196,69.51072799327753,0.0009381831013717932,0.8378496848180783,0.0009434568504116874,0.8615443176627655,operation_enabled,operation_enabled
18.06723934300021,0.0,0.8,0.0,0.8,-19.90883651767709,19.90883651767709,-19.9,19.9,890312,973987,1.8837934308568345,3.4274278092886217,70.55115881631531,0.0009348321856771531,0.8579389510925641,0.00092960884026587,0.8892537278202294,operation_enabled,operation_enabled
18.08738707700013,0.0,0.8,0.0,0.8,-19.90883651767709,19.90883651767709,-19.9,19.9,890015,974287,1.8837965518430446,3.427436772968345,71.05451149164236,0.00075508086406127,0.694403491515647,0.0004710954653798866,0.43603719818882003,operation_enabled,operation_enabled
18.107527161999997,0.0,0.8,0.0,0.8,-19.90883651767709,19.90883651767709,-19.9,19.9,889429,974880,1.883803560157409,3.4274577813972806,72.04856979015253,0.0008886061957122237,0.7591365187214779,0.0010996402262078752,0.8614457320259751,operation_enabled,operation_enabled
18.127628566000112,0.0,0.8,0.0,0.8,-19.90883651767709,19.90883651767709,-19.9,19.9,888844,975468,1.8838064074675998,3.427466835638076,73.03756926780514,0.0007274211320185883,0.7976786930862256,0.00047218125286112615,0.858711022645137,operation_enabled,operation_enabled
18.147748420000198,0.0,0.8,0.0,0.8,-19.90883651767709,19.90883651767709,-19.9,19.9,888260,976061,1.8838144784807838,3.4274941419866773,74.02994129269612,0.0009938058662176282,0.8221437514201374,0.0014152447813490867,0.8608491512392115,operation_enabled,operation_enabled
18.1678709790001,0.0,0.8,0.0,0.8,-19.90883651767709,19.90883651767709,-19.9,19.9,887676,976648,1.8838170111769106,3.4275032892217596,75.01725449672956,0.0007915788473898901,0.8353907777734236,0.00047168484510787115,0.8563456645291734,operation_enabled,operation_enabled
18.18798622700001,0.0,0.8,0.0,0.8,-19.90883651767709,19.90883651767709,-19.9,19.9,887091,977240,1.8838225512055558,3.4275247316721997,76.00962652162055,0.0009113958582756467,0.8453254063601319,0.0011009979904397446,0.8610462689352656,operation_enabled,operation_enabled
18.208208713000204,0.0,0.8,0.0,0.8,-19.90883651767709,19.90883651767709,-19.9,19.9,886801,977534,1.8838255579432284,3.427537024605591,76.50201841842288,0.0008004455609731806,0.6820179336376133,0.0006258054276776599,0.4249655462369235,operation_enabled,operation_enabled
18.228355114000124,0.0,0.8,0.0,0.8,-19.90883651767709,19.90883651767709,-19.9,19.9,886187,978152,1.8838284001328935,3.4275493564845934,77.54076296784147,0.0007336712236045138,0.7664643771110689,0.0006281688476322354,0.8998883956778014,operation_enabled,operation_enabled
18.24849741800017,0.0,0.8,0.0,0.8,-19.90883651767709,19.90883651767709,-19.9,19.9,885593,978754,1.8838336430237572,3.4275741178705226,78.54915459211473,0.0009363301980034355,0.808051034319666,0.0012565932377971753,0.8737706467473327,operation_enabled,operation_enabled
18.268672624000146,0.0,0.8,0.0,0.8,-19.90883651767709,19.90883651767709,-19.9,19.9,884999,979352,1.8838360465431838,3.4275865427108196,79.5541736691496,0.0008164346129790216,0.8318615798288556,0.0006272719842400381,0.8694281455978148,operation_enabled,operation_enabled
18.28880482700015,0.0,0.8,0.0,0.8,-19.90883651767709,19.90883651767709,-19.9,19.9,884406,979950,1.883838778180474,3.4276021240493106,80.5583496093749,0.0008045521540610557,0.8468523879174785,0.0007857648204256819,0.8705543266297592,operation_enabled,operation_enabled
18.30891749700004,0.0,0.8,0.0,0.8,-19.90883651767709,19.90883651767709,-19.9,19.9,883821,980544,1.8838432053359513,3.4276302519385524,81.55240790788508,0.0010412090767691028,0.8529576114887157,0.0014157502895082298,0.8626199438399043,operation_enabled,operation_enabled
18.329030630000034,0.0,0.8,0.0,0.8,-19.90883651767709,19.90883651767709,-19.9,19.9,883526,980842,1.883844558701872,3.4276396464325534,82.05238803597373,0.0008207708412177974,0.6906803375467312,0.00047190589974444236,0.4338607729433398,operation_enabled,operation_enabled
18.349338802000148,0.0,0.8,0.0,0.8,-19.90883651767709,19.90883651767709,-19.9,19.9,882934,981438,1.8838461988811894,3.4276521948747423,83.05403456577025,0.0007438034741089126,0.7569563334227252,0.0006231649751629811,0.8608371982484067,operation_enabled,operation_enabled
18.36945056100012,0.0,0.8,0.0,0.8,-19.90883651767709,19.90883651767709,-19.9,19.9,882352,982028,1.8838490429781853,3.4276773449424764,84.04219090661329,0.0009430899435415323,0.7959003326068104,0.0012585017054025846,0.8575372085650189,operation_enabled,operation_enabled
18.38955510300002,0.0,0.8,0.0,0.8,-19.90883651767709,19.90883651767709,-19.9,19.9,881765,982621,1.8838508493227102,3.427696241577604,85.03709234193305,0.0009435255002827907,0.8221462205046102,0.0009442151057298449,0.8637006393497803,operation_enabled,operation_enabled
18.409659401,0.0,0.8,0.0,0.8,-19.90883651767709,19.90883651767709,-19.9,19.9,881182,983210,1.8838523283986786,3.427715166644482,86.02524868277607,0.0009437968845908141,0.8359693666222963,0.000944226565389413,0.8578554532065049,operation_enabled,operation_enabled
18.429812671000036,0.0,0.8,0.0,0.8,-19.90883651767709,19.90883651767709,-19.9,19.9,880598,983800,1.8838534805992748,3.427734114420745,87.01509129723827,0.0009430739505475771,0.8442121761381651,0.0009419321157335704,0.8572312433110164,operation_enabled,operation_enabled
18.450128962999997,0.0,0.8,0.0,0.8,-19.90883651767709,19.90883651767709,-19.9,19.9,880306,984094,1.8838537828500113,3.4277404348490137,87.50916946765979,0.0006969998532083504,0.6806759352615626,0.0003114579545342353,0.4244520031559625,operation_enabled,operation_enabled
18.47029271600013,0.0,0.8,0.0,0.8,-19.90883651767709,19.90883651767709,-19.9,19.9,879712,984694,1.8838544411928406,3.4277594061976293,88.51587481831386,0.0007917955809191625,0.7546322895948906,0.0009414424115371452,0.8713815809111146,operation_enabled,operation_enabled
18.49045960600006,0.0,0.8,0.0,0.8,-19.90883651767709,19.90883651767709,-19.9,19.9,879124,985289,1.8838548220650189,3.427781549490278,89.51330566406241,0.0009106233755611175,0.7967468143178112,0.0010981786296835293,0.8632194810070499,operation_enabled,operation_enabled
18.51059394500021,0.0,0.8,0.0,0.8,-19.90883651767709,19.90883651767709,-19.9,19.9,878526,985891,1.883854817826934,3.427794204666641,90.52506983557404,0.0008013301505352898,0.8278568960571737,0.0006285451685283341,0.8770397700395306,operation_enabled,operation_enabled
18.530719727000132,0.0,0.8,0.0,0.8,-19.90883651767709,19.90883651767709,-19.9,19.9,877939,986485,1.8838544224495632,3.427816347705988,91.5208144077034,0.0009171851514105736,0.8416713396185924,0.0011004217190260634,0.8635202991161387,operation_enabled,operation_enabled
18.550847490000024,0.0,0.8,0.0,0.8,-19.90883651767709,19.90883651767709,-19.9,19.9,877353,987079,1.8838535310669184,3.4278416423697378,92.51571584302317,0.0010490166029401516,0.8498190436784117,0.0012575010447136888,0.8627042050942842,operation_enabled,operation_enabled
18.571261912000182,0.0,0.8,0.0,0.8,-19.90883651767709,19.90883651767709,-19.9,19.9,877046,987387,1.883853377894742,3.4278448024843313,93.03424498092288,0.0006996800387041587,0.6909816690784725,0.00015498040429406235,0.4433160401899972,operation_enabled,operation_enabled
18.59142551800005,0.0,0.8,0.0,0.8,-19.90883651767709,19.90883651767709,-19.9,19.9,876452,987986,1.883852401924783,3.4278605913225584,94.04010719476736,0.0007325893105473221,0.760660553030837,0.0007845410625050658,0.8706581279707298,operation_enabled,operation_enabled
18.6115808080001,0.0,0.8,0.0,0.8,-19.90883651767709,19.90883651767709,-19.9,19.9,875862,988585,1.883850147381627,3.427888976081629,95.04259686137345,0.000996292901849423,0.8023140704417928,0.0014127565703623993,0.8680969313492982,operation_enabled,operation_enabled
18.631739884000126,0.0,0.8,0.0,0.8,-19.90883651767709,19.90883651767709,-19.9,19.9,875269,989182,1.8838489247051395,3.427901572058686,96.04592966478916,0.0008534001610701893,0.8280411127287939,0.0006277738870590868,0.868663866977103,operation_enabled,operation_enabled
18.651856011000064,0.0,0.8,0.0,0.8,-19.90883651767709,19.90883651767709,-19.9,19.9,874668,989787,1.8838474801738356,3.427914144520431,97.06275265715834,0.0007665471285563387,0.849022623040354,0.0006291142176670466,0.8822229610540158,operation_enabled,operation_enabled
18.6719616270002,0.0,0.8,0.0,0.8,-19.90883651767709,19.90883651767709,-19.9,19.9,874077,990386,1.883844148297459,3.4279392346161477,98.06608546057404,0.0009571406581114538,0.8575202536003816,0.0012588862236272867,0.8709736082072528,operation_enabled,operation_enabled
18.692268370000193,0.0,0.8,0.0,0.8,-19.90883651767709,19.90883651767709,-19.9,19.9,873496,990972,1.8838417942514223,3.4279548774635313,99.0500261173691,0.0008877622564863429,0.852908635595949,0.0007790110346635662,0.8456798860022074,operation_enabled,operation_enabled
18.71242236000012,0.0,0.8,0.0,0.8,-19.90883651767709,19.90883651767709,-19.9,19.9,873206,991267,1.883839238734389,3.4279704888101827,99.54326115098102,0.0008478896852252091,0.6878429374268061,0.0007849153877286188,0.4271400016941775,operation_enabled,operation_enabled
18.732564054000022,0.0,0.8,0.0,0.8,-19.90883651767709,19.90883651767709,-19.9,19.9,872625,991852,1.8838370336129433,3.4279829503983095,100.52635867096649,0.0007627951151044761,0.7514141533010734,0.0006283156471405656,0.8518791215882499,operation_enabled,operation_enabled
18.752706716000148,0.0,0.8,0.0,0.8,-19.90883651767709,19.90883651767709,-19.9,19.9,872040,992441,1.8838346142762903,3.4279953721733554,101.5162012854287,0.0007106651868312562,0.7925990876165804,0.000628285452040918,0.8576826984837742,operation_enabled,operation_enabled
18.772822370000085,0.0,0.8,0.0,0.8,-19.90883651767709,19.90883651767709,-19.9,19.9,871430,993060,1.883828677494986,3.4280232205256405,102.55241642441852,0.0009836187917679736,0.8338282569963689,0.0014155402740182255,0.8990692489759163,operation_enabled,operation_enabled
18.79294059500012,0.0,0.8,0.0,0.8,-19.90883651767709,19.90883651767709,-19.9,19.9,870836,993658,1.8838258188795678,3.428035548618759,103.55743550145341,0.0008463054010516264,0.8485685658603253,0.0006290486113976715,0.8718906334721159,operation_enabled,operation_enabled
18.813173748000054,0.0,0.8,0.0,0.8,-19.90883651767709,19.90883651767709,-19.9,19.9,870539,993960,1.8838220428196955,3.4280509104581203,104.06247445039962,0.0008212545743494368,0.688100634297888,0.0007818443756700256,0.4356509590942735,operation_enabled,operation_enabled
18.833297655000024,0.0,0.8,0.0,0.8,-19.90883651767709,19.90883651767709,-19.9,19.9,869947,994557,1.8838180650350012,3.428066221147258,105.06496411700573,0.0008076336480822387,0.7583437208218982,0.0007860887488246736,0.8694507184674798,operation_enabled,operation_enabled
18.853410531999998,0.0,0.8,0.0,0.8,-19.90883651767709,19.90883651767709,-19.9,19.9,869357,995153,1.8838129713790381,3.428084507761934,106.06492437318305,0.0008603670361841545,0.800699538060294,0.00094382381248139,0.8677325903898666,operation_enabled,operation_enabled
18.873532963000116,0.0,0.8,0.0,0.8,-19.90883651767709,19.90883651767709,-19.9,19.9,868769,995746,1.8838084619255469,3.428099670376741,107.06066894531241,0.0008316201422109015,0.8250867698417373,0.0007861464091976786,0.8636641016394879,operation_enabled,operation_enabled
18.893688083000143,0.0,0.8,0.0,0.8,-19.90883651767709,19.90883651767709,-19.9,19.9,868183,996340,1.8838008264698898,3.4281238015680526,108.05557038063218,0.0009960732906888375,0.839217139320722,0.0012557942101103462,0.8615332371687353,operation_enabled,operation_enabled
18.91382322100003,0.0,0.8,0.0,0.8,-19.90883651767709,19.90883651767709,-19.9,19.9,867594,996934,1.883795792823623,3.428138798315783,109.05300122638073,0.0009145414050804669,0.8490446835385604,0.0007856502833583508,0.864580730430635,operation_enabled,operation_enabled
18.933934069000088,0.0,0.8,0.0,0.8,-19.90883651767709,19.90883651767709,-19.9,19.9,867008,997524,1.8837915582847844,3.4281507240171196,110.04453011446213,0.0008040936030626157,0.8534810909657707,0.0006292793570922326,0.8605029348145042,operation_enabled,operation_enabled
18.95411912899999,0.0,0.8,0.0,0.8,-19.90883651767709,19.90883651767709,-19.9,19.9,866715,997823,1.8837849742556994,3.4281685285961965,110.5436671057412,0.0008570067846640326,0.6897627128916638,0.0009404486412314638,0.4315857330302554,operation_enabled,operation_enabled
18.97426378099999,0.0,0.8,0.0,0.8,-19.90883651767709,19.90883651767709,-19.9,19.9,866128,998416,1.8837781587217404,3.428186245655674,111.53856854106097,0.0008900782156447597,0.7565108265097733,0.0009423350798060808,0.8619809257140889,operation_enabled,operation_enabled
18.994410930000186,0.0,0.8,0.0,0.8,-19.90883651767709,19.90883651767709,-19.9,19.9,865539,999012,1.8837698488093735,3.4282067740698237,112.53768566042869,0.0009711567110614638,0.7987660342698573,0.0010992546699726442,0.8655261022708165,operation_enabled,operation_enabled
19.014515444000153,0.0,0.8,0.0,0.8,-19.90883651767709,19.90883651767709,-19.9,19.9,864953,999603,1.8837636592345586,3.428221331860342,113.53005768531969,0.0008998094316126212,0.8230530105531707,0.0007868470172965103,0.8615059901004618,operation_enabled,operation_enabled
19.034656639000104,0.0,0.8,0.0,0.8,-19.90883651767709,19.90883651767709,-19.9,19.9,864366,1000196,1.883755929919846,3.4282386697781457,114.52495912063945,0.000916352416057798,0.8381963919450119,0.0009424968205774764,0.862128874636761,operation_enabled,operation_enabled
19.05477589400016,-0.3,0.0,-0.016095404000043344,0.7597614899998917,-20.77048683571086,17.04443140637564,-19.9,19.9,863776,1000790,1.883750576785974,3.4282501370173395,115.5232331031976,0.0008050731221436701,0.8489620947408787,0.0006290164074177857,0.8659946818403097,operation_enabled,operation_enabled
19.07488520600009,-0.3,0.0,-0.032182853599988445,0.7195428660000289,-21.631711323403596,14.181441893234927,-19.95,19.85,863483,1001087,1.8837450743820632,3.4282615335174,116.02068382085749,0.0007370310612811336,0.6874325954924997,0.0006293274230416032,0.4317478832494767,operation_enabled,operation_enabled
19.095006558000023,-0.3,0.0,-0.0482799351999347,0.6793001620001633,-22.493451449962198,11.316738229269832,-20.2,19.35,862892,1001670,1.8837563739818806,3.428238885475885,117.01052643531969,-3.561448156253941e-05,0.753722957539604,-0.0012579017056208626,0.8585910479063277,operation_enabled,operation_enabled
19.115147189000027,-0.3,0.0,-0.06439243999993778,0.6390189000001556,-23.356017241116366,8.44928978840599,-20.65,18.45,862282,1002237,1.8838192058871428,3.4281182210255983,118.00289846021069,-0.00263948990410822,0.7948935673975523,-0.0067547496960538,0.8599611024613657,operation_enabled,operation_enabled
19.135280419000082,-0.3,0.0,-0.08049902399998246,0.5987524400000439,-24.218266068548015,5.582895037754816,-21.2,17.2,861654,1002778,1.8839505258672717,3.4278763165372035,118.98852539062493,-0.006913819937528498,0.8179605959403148,-0.013671610448272144,0.8544299713461716,operation_enabled,operation_enabled
19.155386361000183,-0.3,0.0,-0.0965837776000626,0.5585405559998435,-25.079346228758133,2.7203853159752405,-21.85,15.7,861006,1003277,1.8841824571538373,3.4274659126174676,119.95560331122813,-0.013313940319223758,0.8262942716575462,-0.02344637574676963,0.8394878408473476,operation_enabled,operation_enabled
19.177847561000135,-0.3,0.0,-0.11455273760002456,0.5136181559999387,-26.041295372666646,-0.4774456218827775,-22.7,13.7,860251,1003771,1.8846013348825261,3.426754292257741,121.00868118640982,-0.023015408799043548,0.8229810014198433,-0.0367638876320249,0.8182855858932392,operation_enabled,operation_enabled
19.19794902600006,-0.3,0.0,-0.13063390959996468,0.47341522600008834,-26.902183795726224,-3.3393179471889463,-23.05,12.85,859913,1003966,1.8848359298410322,3.4263674387114693,121.45807310592289,-0.02281871145289078,0.6554604133839763,-0.02250723808581642,0.39018890550463986,operation_enabled,operation_enabled
19.218088197000043,-0.3,0.0,-0.1467452463999507,0.4331368840001233,-27.76468705924292,-6.206558525906623,-23.85,11.05,859240,1004309,1.8853874384116303,3.425480933707327,122.3147001044694,-0.034065853006774366,0.6891438242125952,-0.05184253481712681,0.7423821758167842,operation_enabled,operation_enabled
19.23818480900013,-0.3,0.0,-0.1628225360000215,0.3929436599999463,-28.625367642158686,-9.067739923167133,-24.65,9.2,858526,1004606,1.8861009737903556,3.4243712316258925,123.16711141896795,-0.04628885413704367,0.708939230885578,-0.06564884426166386,0.7402931409128565,operation_enabled,operation_enabled
19.258294949000174,-0.3,0.0,-0.17891064800005552,0.35272337999986125,-29.48662759073499,-11.930847319785666,-25.5,7.2,857785,1004850,1.8869707301835608,3.4230612680297665,123.99760117641708,-0.0586403540237249,0.7135196759639425,-0.07819071281347124,0.7207697545390405,operation_enabled,operation_enabled
19.278426351000007,-0.3,0.0,-0.19501576959992234,0.31246057600019417,-30.34879813012999,-14.796981815612279,-26.4,5.2,857022,1005028,1.8880162354351113,3.4215340200432087,124.79099291424411,-0.07154066800358552,0.7035729944839234,-0.09193814193361062,0.6878456892031612,operation_enabled,operation_enabled
19.298583994000182,-0.3,0.0,-0.2111418840000624,0.272145289999844,-31.21209249673875,-17.666852277581963,-27.25,3.15,856234,1005150,1.889230072357908,3.4198116773066314,125.55824741097376,-0.08433237060173103,0.6883532040398869,-0.10453178279529568,0.664319591757239,operation_enabled,operation_enabled
19.318686892000187,-0.3,0.0,-0.2272242024000661,0.2319394939998347,-32.07304229110528,-20.528928621016647,-28.15,1.1,855418,1005212,1.8906298297023414,3.417880003801906,126.29852152979643,-0.0976224760299496,0.6706831706996517,-0.11866606858175907,0.6427043872357315,operation_enabled,operation_enabled
19.33881155400013,-0.3,0.0,-0.24332393200002114,0.19169016999994715,-32.93492417552531,-23.394103534088618,-28.6,0.05,854998,1005219,1.8914066683229556,3.416829343545393,126.65854094749264,-0.08495868843439065,0.5318388328149621,-0.06492849469394756,0.3122300493757037,operation_enabled,operation_enabled
19.358939966000207,-0.3,0.0,-0.25942666160008226,0.1514333459997943,-33.79696666175722,-26.259812339670383,-29.5,-2.1,854131,1005184,1.8931244743280495,3.4145505065000403,127.36003077307404,-0.10697002826618573,0.56144340797918,-0.14177867127580235,0.608259962365119,operation_enabled,operation_enabled
19.379083734999995,-0.3,0.0,-0.2755416767999122,0.11114580800021945,-34.65966684449356,-29.127707541739813,-30.45,-4.25,853246,1005086,1.8950259915045349,3.4120895033705096,128.02357944222376,-0.12534953936197635,0.5666675344502968,-0.15439266473278734,0.5749226484880345,operation_enabled,operation_enabled
19.39919285200017,-0.3,0.0,-0.29162897040005187,0.07092757399987026,-35.520882980902776,-31.990669292505622,-31.35,-6.35,852340,1004928,1.8971141497448474,3.4094491252271664,128.65424577579935,-0.14163083636736767,0.5591977816751285,-0.16740271783121122,0.5473738107088039,operation_enabled,operation_enabled
19.4193008310001,-0.3,0.0,-0.3,0.030711616000007824,-35.48900553408582,-33.96042417874123,-32.25,-8.5,851413,1004706,1.8993994798318221,3.406622083045308,129.24865722656241,-0.1567897237803696,0.5424492715824287,-0.18078628617543693,0.515936331911199,operation_enabled,operation_enabled
19.439424748000192,-0.3,0.0,-0.3,0.0,-34.72471485641352,-34.72471485641352,-33.05,-10.65,850455,1004421,1.9019026550858529,3.403588981895135,129.81608829941854,-0.17175316128573415,0.5229580684598856,-0.19542156584747594,0.49212787447978934,operation_enabled,operation_enabled
19.459542534000093,-0.3,0.0,-0.3,0.0,-34.72471485641352,-34.72471485641352,-33.3,-11.7,849967,1004254,1.9032333637313876,3.402000371103284,130.0867352152979,-0.14513114405663244,0.4113658555861186,-0.10300895787660187,0.23480117506400996,operation_enabled,operation_enabled
19.47966865100011,-0.3,0.0,-0.3,0.0,-34.72471485641352,-34.72471485641352,-33.65,-13.9,848974,1003865,1.906063797926927,3.3986677179062927,130.59598984829208,-0.17306753668981517,0.4230865380644271,-0.2172510717425337,0.44162369108636074,operation_enabled,operation_enabled
19.499807264000083,-0.3,0.0,-0.3,0.0,-34.72471485641352,-34.72471485641352,-33.9,-16.05,847986,1003422,1.9090236577420072,3.3952418006249836,131.05549940952028,-0.19311980272493956,0.41345742311708183,-0.22481431177269,0.3982376933226596,operation_enabled,operation_enabled
19.51994705900006,-0.3,0.0,-0.3,0.0,-34.72471485641352,-34.72471485641352,-34.1,-18.2,846993,1002914,1.9121554502001183,3.3916719278017733,131.4644207621729,-0.20965839615642837,0.3905614097331386,-0.23579767807475532,0.3543742121260441,operation_enabled,operation_enabled
19.540091270000175,-0.3,0.0,-0.3,0.0,-34.72471485641352,-34.72471485641352,-34.25,-20.35,846000,1002346,1.9154372170703273,3.3879812437407026,131.82275390624994,-0.22342157658722875,0.3595185609352045,-0.24516954376464742,0.31046602833596576,operation_enabled,operation_enabled
19.560217986999987,-0.3,0.0,-0.3,0.0,-34.72471485641352,-34.72471485641352,-34.35,-22.5,844998,1001711,1.918901259325895,3.384130991378922,132.1321851153706,-0.23655640725681604,0.32419492793980087,-0.2573295241815424,0.26832957444737565,operation_enabled,operation_enabled
19.580343943000116,-0.3,0.0,-0.3,0.0,-34.72471485641352,-34.72471485641352,-34.45,-24.65,844000,1001017,1.9225012918563347,3.3801691017473305,132.38849870548688,-0.24795595384050131,0.2847157629291147,-0.2659853501860783,0.22227595375382864,operation_enabled,operation_enabled
19.600561642000002,-0.3,0.0,-0.3,0.0,-34.72471485641352,-34.72471485641352,-34.5,-26.8,842993,1000257,1.9262776443840175,3.376046871151048,132.59675349745635,-0.2590493799016503,0.24395458547041446,-0.27651500339783797,0.17977969713287786,operation_enabled,operation_enabled
19.62066105300005,-0.3,0.0,-0.3,0.0,-34.72471485641352,-34.72471485641352,-34.5,-27.8,842489,999849,1.9282320937141124,3.3739241929677384,132.67769463117727,-0.21434873998756931,0.17673665106903796,-0.14355733419283837,0.07028510853994534,operation_enabled,operation_enabled
19.640756838000016,-0.3,0.0,-0.3,0.0,-34.72471485641352,-34.72471485641352,-34.55,-29.45,841472,998995,1.9322500058434284,3.3695770937489553,132.81512593114093,-0.24539302948446073,0.15453166929392748,-0.29456604888344656,0.11935979010851494,operation_enabled,operation_enabled
19.66086015200017,-0.3,0.0,-0.3,0.0,-34.72471485641352,-34.72471485641352,-34.6,-30.7,840465,998108,1.936326464352306,3.36518503428633,132.9163023482921,-0.2657859301628651,0.12871564792607498,-0.2980754417023602,0.08783932861246826,operation_enabled,operation_enabled
19.68100354100011,-0.3,0.0,-0.3,0.0,-34.72471485641352,-34.72471485641352,-34.6,-31.65,839459,997189,1.940476438485366,3.3607274030885304,132.98965525072668,-0.27995740750751963,0.10346244118610823,-0.3023514611627731,0.06355681575635454,operation_enabled,operation_enabled
19.70113881500015,-0.3,0.0,-0.3,0.0,-34.72471485641352,-34.72471485641352,-34.65,-32.4,838453,996248,1.9446788806912756,3.356223524503691,133.04445914335022,-0.29002102071148955,0.08178036947203332,-0.3059301539745729,0.047504114877622634,operation_enabled,operation_enabled
19.721260736000204,-0.3,0.0,-0.3,0.0,-34.72471485641352,-34.72471485641352,-34.65,-32.95,837443,995286,1.9489390747059914,3.351665355298222,133.0849297102107,-0.2977838831840279,0.06370181527928317,-0.3100640023142411,0.035103240980903776,operation_enabled,operation_enabled
19.74138723100009,-0.3,0.0,-0.3,0.0,-34.72471485641352,-34.72471485641352,-34.65,-33.35,836422,994300,1.953277712968166,3.3470289341933004,133.11443949854646,-0.3046447189458686,0.04893875815526683,-0.3154954500368488,0.025590296175686693,operation_enabled,operation_enabled
19.761506554000107,-0.3,0.0,-0.3,0.0,-34.72471485641352,-34.72471485641352,-34.65,-33.55,835917,993806,1.955438085204277,3.3447218502413993,133.123714003452,-0.24750215581962445,0.03310162436682487,-0.15709631679139616,0.008045531506880626,operation_enabled,operation_enabled
19.781642661000205,-0.3,0.0,-0.3,0.0,-34.72471485641352,-34.72471485641352,-34.7,-33.8,834907,992815,1.9597663371930296,3.340101709441767,133.13973360283424,-0.27342441830191133,0.025655699374263763,-0.31440211284993264,0.013885243759861355,operation_enabled,operation_enabled
19.801783805000014,-0.3,0.0,-0.3,0.0,-34.72471485641352,-34.72471485641352,-34.7,-34.05,833892,991812,1.964132423595748,3.3354433128034473,133.14985124454938,-0.29030922099305256,0.01911086548134214,-0.3169938999909491,0.008767434484733756,operation_enabled,operation_enabled
19.82192392900015,-0.3,0.0,-0.3,0.0,-34.72471485641352,-34.72471485641352,-34.7,-34.2,832874,990797,1.9685314814947554,3.330750775301062,133.15238065497815,-0.3015695842744092,0.012554364316379955,-0.3193663215459998,0.002191969628199719,operation_enabled,operation_enabled
19.8420291110001,-0.3,0.0,-0.3,0.0,-34.72471485641352,-34.72471485641352,-34.7,-34.3,831830,989758,1.9730390136821232,3.3259430939276307,133.15659633902612,-0.3117196916541302,0.00911109519421235,-0.3277895761485852,0.00365963197254171,operation_enabled,operation_enabled
19.862131779000038,-0.3,0.0,-0.3,0.0,-34.72471485641352,-34.72471485641352,-34.7,-34.4,830817,988744,1.9774255017052904,3.321264792805487,133.15575320221652,-0.31454438847581634,0.0053009872976803665,-0.31901707301608473,-0.0007320179277798878,operation_enabled,operation_enabled
19.882267232000004,-0.3,0.0,-0.3,0.0,-34.72471485641352,-34.72471485641352,-34.7,-34.45,830297,988225,1.9796739284719758,3.318866788431581,133.15659633902612,-0.25592446567465943,0.0035301855196880096,-0.16325557486316308,0.0007308260396318773,operation_enabled,operation_enabled
19.902432322000095,-0.3,0.0,-0.3,0.0,-34.72471485641352,-34.72471485641352,-34.7,-34.5,829250,987174,1.984213955713322,3.3140245196168294,133.15322379178775,-0.2843301988081613,0.0010290630184237389,-0.32916920364598323,-0.0029190077251511266,operation_enabled,operation_enabled
19.922565861000066,-0.3,0.0,-0.3,0.0,-34.72471485641352,-34.72471485641352,-34.7,-34.55,828235,986152,1.9886215997246075,3.30932268452,133.1473218341206,-0.29818887404945765,-0.0013519318580943185,-0.32009934561991255,-0.0051162686105635825,operation_enabled,operation_enabled
19.942668407000156,-0.3,0.0,-0.3,0.0,-34.72471485641352,-34.72471485641352,-34.7,-34.6,827223,985133,1.9930157780586173,3.304634246053529,133.14141987645345,-0.30649553163648563,-0.0028120928464784407,-0.31964854832941036,-0.005124156592137815,operation_enabled,operation_enabled
19.962781059999998,-0.3,0.0,-0.3,0.0,-34.72471485641352,-34.72471485641352,-34.7,-34.6,826204,984107,1.9974397598477622,3.2999130337157494,133.1355179187863,-0.31237892869099654,-0.0037063302263285742,-0.3216901987994707,-0.005121581603676082,operation_enabled,operation_enabled
19.982906271000047,-0.3,0.0,-0.3,0.0,-34.72471485641352,-34.72471485641352,-34.7,-34.65,825180,983076,2.0018848860725433,3.2951682768536896,133.12961596111913,-0.3165168341836461,-0.0042532893182769555,-0.3230615418460966,-0.005118385770209061,operation_enabled,operation_enabled
20.00308829300002,-0.3,0.0,-0.3,0.0,-34.72471485641352,-34.72471485641352,-34.7,-34.65,824137,982024,2.006415965958086,3.2903306311774756,133.1220277298328,-0.321136551384059,-0.00514921211147281,-0.3284227472680332,-0.006562257257950381,operation_enabled,operation_enabled
20.023222263000207,-0.3,0.0,-0.3,0.0,-34.72471485641352,-34.72471485641352,-34.7,-34.65,823617,981498,2.008677995103681,3.287915022379894,133.11696890897525,-0.2603959682454447,-0.004853224154339124,-0.16436757391780477,-0.004385279218759522,operation_enabled,operation_enabled
20.043363419000116,-0.3,0.0,-0.3,0.0,-34.72471485641352,-34.72471485641352,-34.7,-34.65,822591,980462,2.0131366162137794,3.283152561190358,133.10853754087933,-0.2850082434266051,-0.005803840860449285,-0.323905367860152,-0.007306191050913558,operation_enabled,operation_enabled
20.063476103000085,-0.3,0.0,-0.3,0.0,-34.72471485641352,-34.72471485641352,-34.7,-34.7,821569,979432,2.0175729868079446,3.2784126087264926,133.10179244640258,-0.2996377336763009,-0.005822963300486314,-0.32279084131879554,-0.005853227096764089,operation_enabled,operation_enabled
20.083597042000065,-0.3,0.0,-0.3,0.0,-34.72471485641352,-34.72471485641352,-34.7,-34.7,820559,978410,2.0219654271618865,3.273718208212139,133.09167480468744,-0.30733563708372297,-0.0069667643839459465,-0.3195135913902925,-0.008776238547618366,operation_enabled,operation_enabled
20.103704902000118,-0.3,0.0,-0.3,0.0,-34.72471485641352,-34.72471485641352,-34.7,-34.7,819552,977394,2.0263376906270745,3.2690439241965406,133.08408657340112,-0.3115824967275999,-0.006819531575754727,-0.31830532755036,-0.006586460237393788,operation_enabled,operation_enabled
20.123813342000176,-0.3,0.0,-0.3,0.0,-34.72471485641352,-34.72471485641352,-34.7,-34.7,818546,976378,2.030707139642134,3.2643713398690215,133.0756552053052,-0.3141207839454249,-0.007012544715650231,-0.31813880779712755,-0.007318078066780085,operation_enabled,operation_enabled
20.143929283000034,-0.3,0.0,-0.3,0.0,-34.72471485641352,-34.72471485641352,-34.7,-34.7,817536,975359,2.0350910598167835,3.2596819665263745,133.06806697401888,-0.31605712204986247,-0.006846523057145312,-0.31912113760668476,-0.006583814316733329,operation_enabled,operation_enabled
20.164025498,-0.3,0.0,-0.3,0.0,-34.72471485641352,-34.72471485641352,-34.7,-34.7,817033,974851,2.0372752169957185,3.257345143965744,133.0638512899709,-0.2553391535642347,-0.005613804404157565,-0.159166169557032,-0.0036612649128662284,operation_enabled,operation_enabled
20.184217653000132,-0.3,0.0,-0.3,0.0,-34.72471485641352,-34.72471485641352,-34.7,-34.7,816028,973837,2.0416365694383214,3.2526779837568958,133.05626305868458,-0.27901968822811385,-0.005980656738576459,-0.3163497715876243,-0.0065589641298102064,operation_enabled,operation_enabled
20.20433223000009,-0.3,0.0,-0.3,0.0,-34.72471485641352,-34.72471485641352,-34.7,-34.7,815024,972821,2.045999360487536,3.2480078377677666,133.04614541696944,-0.2940081563464571,-0.0070642483660323056,-0.31772716162719983,-0.008779014366857933,operation_enabled,operation_enabled
20.224447714000007,-0.3,0.0,-0.3,0.0,-34.72471485641352,-34.72471485641352,-34.7,-34.7,814016,971806,2.0503679770466716,3.2433301451474135,133.04024345930227,-0.3033701509980493,-0.0063117009955785805,-0.31818468616913437,-0.0051208608058121614,operation_enabled,operation_enabled
20.244553059000054,-0.3,0.0,-0.3,0.0,-34.72471485641352,-34.72471485641352,-34.7,-34.7,812992,970770,2.054815828219239,3.2385662772378456,133.03012581758716,-0.31142114911179686,-0.007268396067235043,-0.3241675719821673,-0.008783045526723784,operation_enabled,operation_enabled
20.26466554600006,-0.3,0.0,-0.3,0.0,-34.72471485641352,-34.72471485641352,-34.7,-34.7,811976,969743,2.0592261742328266,3.233840976376867,133.02085131268163,-0.3152765295177457,-0.007570361338019458,-0.3213782398542766,-0.008048266089305646,operation_enabled,operation_enabled
20.284772775000192,-0.3,0.0,-0.3,0.0,-34.72471485641352,-34.72471485641352,-34.7,-34.7,810970,968727,2.0635904636269964,3.2291635724946923,133.0124199445857,-0.3163920424012244,-0.00747286366582538,-0.31815796837229854,-0.007318518813339351,operation_enabled,operation_enabled
20.305114908000178,-0.3,0.0,-0.3,0.0,-34.72471485641352,-34.72471485641352,-34.7,-34.7,810470,968221,2.0657615423389575,3.2268361812284527,133.00736112372815,-0.2540367429963787,-0.006251527767733412,-0.1564643386839758,-0.004340404235534954,operation_enabled,operation_enabled
20.325251814000012,-0.3,0.0,-0.3,0.0,-34.72471485641352,-34.72471485641352,-34.7,-34.7,809451,967194,2.070176588570858,3.222102284537373,133.0006160292514,-0.2801623571477931,-0.006094463101233156,-0.3214598696210937,-0.005846186448813944,operation_enabled,operation_enabled
20.34535764300017,-0.3,0.0,-0.3,0.0,-34.72471485641352,-34.72471485641352,-34.7,-34.7,808435,966163,2.0745929911233754,3.217365326672096,132.9879689771075,-0.2964027547353816,-0.007985192493674059,-0.3221140999758295,-0.010978542619687124,operation_enabled,operation_enabled
20.365504982000175,-0.3,0.0,-0.3,0.0,-34.72471485641352,-34.72471485641352,-34.7,-34.7,807411,965135,2.0790195173093107,3.212616179446513,132.98459642986913,-0.30641583967264996,-0.0060224835852476285,-0.3222356158065096,-0.002921579544009303,operation_enabled,operation_enabled
20.385602683000116,-0.3,0.0,-0.3,0.0,-34.72471485641352,-34.72471485641352,-34.7,-34.7,806391,964102,2.0834476063093046,3.207864163917471,132.9736356513444,-0.31290743612915767,-0.007375562200963719,-0.32318890727467914,-0.00951858492862587,operation_enabled,operation_enabled
20.40569805700011,-0.3,0.0,-0.3,0.0,-34.72471485641352,-34.72471485641352,-34.7,-34.7,805377,963078,2.0878425436437884,3.2031461246052313,132.96520428324848,-0.3159868842133536,-0.007355157398594282,-0.3208647171374367,-0.007322836276729017,operation_enabled,operation_enabled
20.425824133000106,-0.3,0.0,-0.3,0.0,-34.72471485641352,-34.72471485641352,-34.7,-34.7,804357,962049,2.09226053925417,3.1984020022475215,132.95761605196216,-0.31835658384184773,-0.007055085857579965,-0.32210445212494404,-0.006580498868704057,operation_enabled,operation_enabled
20.446138975000167,-0.3,0.0,-0.3,0.0,-34.72471485641352,-34.72471485641352,-34.7,-34.7,803850,961535,2.094461712149356,3.1960377855945925,132.951714094295,-0.25627898829593804,-0.006281977817869523,-0.15901063458330783,-0.005070607667280815,operation_enabled,operation_enabled
20.4662556400001,-0.3,0.0,-0.3,0.0,-34.72471485641352,-34.72471485641352,-34.7,-34.7,802837,960512,2.098850532805849,3.19132269682783,132.94328272619907,-0.2810364158191803,-0.0066820476761773225,-0.3202105728534264,-0.007315085960922582,operation_enabled,operation_enabled
20.486373746000027,-0.3,0.0,-0.3,0.0,-34.72471485641352,-34.72471485641352,-34.7,-34.7,801824,959489,2.103238659565314,3.1866069622746305,132.93485135810315,-0.29619834358762603,-0.006926998822471233,-0.32018763712409654,-0.007314562003109043,operation_enabled,operation_enabled
20.506495243000018,-0.3,0.0,-0.3,0.0,-34.72471485641352,-34.72471485641352,-34.7,-34.7,800801,958455,2.1076713107532465,3.181841903065462,132.9255768531976,-0.3067475074626566,-0.00735987630274523,-0.3234356452905561,-0.00804466223829269,operation_enabled,operation_enabled
20.526591353000185,-0.3,0.0,-0.3,0.0,-34.72471485641352,-34.72471485641352,-34.7,-34.7,799794,957439,2.1120300053209706,3.1771549637088286,132.9179886219113,-0.31129248142972654,-0.007062049853172649,-0.31849143757673337,-0.0065903112765765826,operation_enabled,operation_enabled
20.54668979799999,-0.3,0.0,-0.3,0.0,-34.72471485641352,-34.72471485641352,-34.7,-34.7,798786,956423,2.1163902678840936,3.1724651620988333,132.91124352743455,-0.31412532538567317,-0.00659579956127441,-0.31861185276230675,-0.005857373890289709,operation_enabled,operation_enabled
20.5668107030001,-0.3,0.0,-0.3,0.0,-34.72471485641352,-34.72471485641352,-34.7,-34.7,797781,955406,2.1207455323906284,3.1677793537332706,132.9011258857194,-0.31560341006585657,-0.007440286663436611,-0.317941719233941,-0.008776253377515456,operation_enabled,operation_enabled
20.58691270899999,-0.3,0.0,-0.3,0.0,-34.72471485641352,-34.72471485641352,-34.7,-34.7,796777,954390,2.1250956623210158,3.1630974119472617,132.8910082440043,-0.3165023725682636,-0.007960600839717707,-0.3179258556367009,-0.008784504415474126,operation_enabled,operation_enabled
20.607038085000113,-0.3,0.0,-0.3,0.0,-34.72471485641352,-34.72471485641352,-34.7,-34.7,796274,953882,2.12727258769827,3.1607538509465556,132.88679255995632,-0.25546862411391263,-0.0062931916808680365,-0.15893554307356236,-0.0036559598618352515,operation_enabled,operation_enabled
20.627168956000105,-0.3,0.0,-0.3,0.0,-34.72471485641352,-34.72471485641352,-34.7,-34.7,795272,952871,2.131606578605097,3.1560871450452996,132.87920432866997,-0.2790627506968526,-0.006403891923043651,-0.3163698485726698,-0.006578931450580497,operation_enabled,operation_enabled
20.647317048000104,-0.3,0.0,-0.3,0.0,-34.72471485641352,-34.72471485641352,-34.7,-34.7,794260,951848,2.1359872412487824,3.1513687922073634,132.86992982376447,-0.29475796891993544,-0.00703577003784423,-0.3195540792723172,-0.008034043476362407,operation_enabled,operation_enabled
20.667448010000044,-0.3,0.0,-0.3,0.0,-34.72471485641352,-34.72471485641352,-34.7,-34.7,793241,950819,2.140395154714125,3.1466196164206512,132.86149845566854,-0.30526129625903753,-0.0071419691774795005,-0.32186911127488615,-0.007309890790218233,operation_enabled,operation_enabled
20.687580634000142,-0.3,0.0,-0.3,0.0,-34.72471485641352,-34.72471485641352,-34.7,-34.7,792218,949786,2.144819584947993,3.141851238036774,132.8530670875726,-0.31217256769622803,-0.007206794417322521,-0.32309973757009386,-0.007309287339835594,operation_enabled,operation_enabled
20.707711189000065,-0.3,0.0,-0.3,0.0,-34.72471485641352,-34.72471485641352,-34.7,-34.7,791190,948747,2.1492669459726392,3.1370566606699133,132.84379258266708,-0.3170885239764036,-0.0075299925852995876,-0.3248617695924988,-0.008041042439930925,operation_enabled,operation_enabled
20.727832132000003,-0.3,0.0,-0.3,0.0,-34.72471485641352,-34.72471485641352,-34.7,-34.7,790178,947724,2.1536446915944865,3.132335601257936,132.83451807776154,-0.3182104239611485,-0.007729409530392026,-0.31998525060051053,-0.008044883736027858,operation_enabled,operation_enabled
20.747975706000034,-0.3,0.0,-0.3,0.0,-34.72471485641352,-34.72471485641352,-34.7,-34.7,789672,947216,2.155825810095519,3.1299829826711147,132.83283180414236,-0.25660786318761925,-0.005300011383557941,-0.15926315112995604,-0.0014610628056506978,operation_enabled,operation_enabled
20.768127166000113,-0.3,0.0,-0.3,0.0,-34.72471485641352,-34.72471485641352,-34.7,-34.7,788658,946192,2.1602091396327063,3.1252541570987034,132.82440043604643,-0.28117141179841537,-0.0060762765922639135,-0.3199716791861968,-0.0073024551928748075,operation_enabled,operation_enabled
20.788228289000017,-0.3,0.0,-0.3,0.0,-34.72471485641352,-34.72471485641352,-34.7,-34.7,787643,945165,2.1646003053485,3.1205153393589224,132.81428279433132,-0.29674348614629464,-0.0071246872115656515,-0.32140253237641153,-0.008784890300245861,operation_enabled,operation_enabled
20.808329435000132,-0.3,0.0,-0.3,0.0,-34.72471485641352,-34.72471485641352,-34.7,-34.7,786613,944124,2.16905301996458,3.1157084684572056,132.80500828942579,-0.3080547662690871,-0.0074839304698288,-0.3259666419823344,-0.008052806894334049,operation_enabled,operation_enabled
20.828467161000162,-0.3,0.0,-0.3,0.0,-34.72471485641352,-34.72471485641352,-34.7,-34.7,785597,943095,2.1734489955285623,3.110961168218196,132.79404751090107,-0.3131832530467715,-0.008265022188787701,-0.32128967003991843,-0.009499666140942676,operation_enabled,operation_enabled
20.84862212500002,-0.3,0.0,-0.3,0.0,-34.72471485641352,-34.72471485641352,-34.7,-34.7,784582,942072,2.177829192687032,3.106229441048761,132.78730241642432,-0.3157935601956928,-0.0073252083499501745,-0.3199160511685556,-0.005840948511647116,operation_enabled,operation_enabled
20.868750847,-0.3,0.0,-0.3,0.0,-34.72471485641352,-34.72471485641352,-34.7,-34.7,783570,941050,2.1822001673171956,3.101506421950545,132.7788710483284,-0.31730858730570677,-0.007319589597593259,-0.3197044080982755,-0.007310704262383074,operation_enabled,operation_enabled
20.888877084000114,-0.3,0.0,-0.3,0.0,-34.72471485641352,-34.72471485641352,-34.7,-34.7,783060,940536,2.1844004523777216,3.0991284314940613,132.77549850109003,-0.2567499187313898,-0.005617155711966238,-0.16097233794853236,-0.0029246427679602716,operation_enabled,operation_enabled
20.908969928000033,-0.3,0.0,-0.3,0.0,-34.72471485641352,-34.72471485641352,-34.7,-34.7,782042,939509,2.188794122081265,3.0943789970728925,132.7679102698037,-0.2820024321096142,-0.0059941499729550185,-0.3220073446013934,-0.006591382501649142,operation_enabled,operation_enabled
20.929068112000095,-0.3,0.0,-0.3,0.0,-34.72471485641352,-34.72471485641352,-34.7,-34.7,781011,938464,2.193253579099321,3.089556811604476,132.75610635446938,-0.2993411537592156,-0.007641502584527884,-0.3268017766435516,-0.010250537422166474,operation_enabled,operation_enabled
20.949188970000023,-0.3,0.0,-0.3,0.0,-34.72471485641352,-34.72471485641352,-34.7,-34.7,779977,937422,2.1977122554939865,3.0847339043382944,132.74936125999264,-0.3098339740474097,-0.006947985726565082,-0.32643350688887235,-0.005850849251940214,operation_enabled,operation_enabled
20.969291713000075,-0.3,0.0,-0.3,0.0,-34.72471485641352,-34.72471485641352,-34.7,-34.7,778938,936374,2.2021939503694705,3.0798848815525584,132.74177302870632,-0.3170433861775732,-0.0068086937701755165,-0.328458878852371,-0.006588136770642841,operation_enabled,operation_enabled
20.989392481000095,-0.3,0.0,-0.3,0.0,-34.72471485641352,-34.72471485641352,-34.7,-34.7,777926,935348,2.2065696195830347,3.0751489668587184,132.72996911337202,-0.3184891478400235,-0.008140387859803864,-0.3207786137461171,-0.010249219692004501,operation_enabled,operation_enabled
21.00966842400021,-0.3,0.0,-0.3,0.0,-34.72471485641352,-34.72471485641352,-34.7,-34.7,777419,934838,2.2087528644875687,3.0727853840150834,132.72743970294323,-0.25630841428440954,-0.005820015188218196,-0.15869153786687518,-0.002177286655235942,operation_enabled,operation_enabled
21.029769104000025,-0.3,0.0,-0.3,0.0,-34.72471485641352,-34.72471485641352,-34.7,-34.7,776407,933815,2.21312101384112,3.0680554442769825,132.7181651980377,-0.2810800344844278,-0.006684312165296064,-0.3203078198455642,-0.008052993585054978,operation_enabled,operation_enabled
21.04987699100002,-0.3,0.0,-0.3,0.0,-34.72471485641352,-34.72471485641352,-34.7,-34.7,775394,932792,2.217490578458274,3.0633225050327195,132.70973382994177,-0.29628335266873523,-0.006929749515977075,-0.32035035921628613,-0.007318279325999105,operation_enabled,operation_enabled
21.069962626999995,-0.3,0.0,-0.3,0.0,-34.72471485641352,-34.72471485641352,-34.7,-34.7,774383,931771,2.221850863313909,3.0585982226043957,132.70130246184584,-0.30548799397553916,-0.007083201467663549,-0.32007517621231196,-0.007326386564097938,operation_enabled,operation_enabled
21.090060058000063,-0.3,0.0,-0.3,0.0,-34.72471485641352,-34.72471485641352,-34.7,-34.7,773362,930738,2.226257582916403,3.053822078069766,132.69118482013073,-0.31240124076110265,-0.007742416748264935,-0.3233506740367575,-0.008786504129075638,operation_enabled,operation_enabled
21.110151436000024,-0.3,0.0,-0.3,0.0,-34.72471485641352,-34.72471485641352,-34.7,-34.7,772351,929718,2.2306142277955936,3.049098741975684,132.68359658884438,-0.3152743422890459,-0.007297209746374821,-0.319826228278926,-0.006591863452555931,operation_enabled,operation_enabled
21.130258658999992,-0.3,0.0,-0.3,0.0,-34.72471485641352,-34.72471485641352,-34.7,-34.7,771343,928700,2.234959488578181,3.0443864264849148,132.67516522074845,-0.31663439996148895,-0.007305460128132983,-0.3187874561190669,-0.007318520997246623,operation_enabled,operation_enabled
21.15035570000009,-0.3,0.0,-0.3,0.0,-34.72471485641352,-34.72471485641352,-34.7,-34.7,770331,927678,2.239321211123223,3.03965486172685,132.66673385265253,-0.3180175958046327,-0.007311949918028443,-0.32020839051614663,-0.0073222288654763296,operation_enabled,operation_enabled
21.170465442000022,-0.3,0.0,-0.3,0.0,-34.72471485641352,-34.72471485641352,-34.7,-34.7,769827,927167,2.24149748823246,3.0372934595881844,132.6608318949854,-0.25671774769837863,-0.00646419840897791,-0.15968841895884578,-0.005122322981839499,operation_enabled,operation_enabled
21.190574219000155,-0.3,0.0,-0.3,0.0,-34.72471485641352,-34.72471485641352,-34.7,-34.7,768811,926142,2.2458730686878523,3.032544548617756,132.65324366369907,-0.28165255524975047,-0.006511416489950698,-0.32112286094581394,-0.006586159881755015,operation_enabled,operation_enabled
21.21067647100017,-0.3,0.0,-0.3,0.0,-34.72471485641352,-34.72471485641352,-34.7,-34.7,767800,925121,2.25022869356881,3.027815969509694,132.64481229560315,-0.29642272616179566,-0.006824529986622897,-0.31981061037459285,-0.007320330763014823,operation_enabled,operation_enabled
21.230778791000148,-0.3,0.0,-0.3,0.0,-34.72471485641352,-34.72471485641352,-34.7,-34.7,766786,924098,2.2545943733192195,3.0230751447606856,132.6372240643168,-0.3057798839332094,-0.00673308067562263,-0.3205964614487683,-0.006588275400529442,operation_enabled,operation_enabled
21.250884797000026,-0.3,0.0,-0.3,0.0,-34.72471485641352,-34.72471485641352,-34.7,-34.7,765775,923073,2.258957107923434,3.018335909006401,132.6254201489825,-0.3114320523862228,-0.008093225352220054,-0.3203803293189026,-0.010246549573867258,operation_enabled,operation_enabled
21.270976289000146,-0.3,0.0,-0.3,0.0,-34.72471485641352,-34.72471485641352,-34.7,-34.7,764767,922058,2.263291258523815,3.0136262638536886,132.61951819131534,-0.31419202018529424,-0.006945430060002275,-0.3185646423677988,-0.0051269758166541095,operation_enabled,operation_enabled
21.291071896000176,-0.3,0.0,-0.3,0.0,-34.72471485641352,-34.72471485641352,-34.7,-34.7,763766,921047,2.2676012563904755,3.0089416881139415,132.6110868232194,-0.3151887620999685,-0.007091453512903103,-0.31676757883048123,-0.0073227513715493076,operation_enabled,operation_enabled
21.311212692000026,-0.3,0.0,-0.3,0.0,-34.72471485641352,-34.72471485641352,-34.7,-34.7,763259,920535,2.2697838413603906,3.0065688912105566,132.60687113917143,-0.2550752921717945,-0.005759000679241487,-0.16007054771635296,-0.0036531608215156744,operation_enabled,operation_enabled
21.331343066000045,-0.3,0.0,-0.3,0.0,-34.72471485641352,-34.72471485641352,-34.7,-34.7,762238,919505,2.274176363877543,3.0017925737065014,132.5992829078851,-0.281138221554872,-0.006076713340689172,-0.3223500146667931,-0.006579093878201635,operation_enabled,operation_enabled
21.35147618000019,-0.3,0.0,-0.3,0.0,-34.72471485641352,-34.72471485641352,-34.7,-34.7,761223,918476,2.2785530892531356,2.997031816897892,132.5874789925508,-0.29666223912693435,-0.007686940796942655,-0.3212061237264184,-0.01023275322479833,operation_enabled,operation_enabled
21.371560573000124,-0.3,0.0,-0.3,0.0,-34.72471485641352,-34.72471485641352,-34.7,-34.7,760198,917441,2.282963227380529,2.9922330150428444,132.5790476244549,-0.3074339960943569,-0.007547629363876322,-0.3245057429692117,-0.007326839985757742,operation_enabled,operation_enabled
21.3916698070002,-0.3,0.0,-0.3,0.0,-34.72471485641352,-34.72471485641352,-34.7,-34.7,759178,916412,2.2873491489069,2.987459224670108,132.57145939316857,-0.31321827080899634,-0.007175327827615318,-0.32237422287592177,-0.006586010205507716,operation_enabled,operation_enabled
21.41177171900017,-0.3,0.0,-0.3,0.0,-34.72471485641352,-34.72471485641352,-34.7,-34.7,758169,915393,2.2916894589870034,2.982733753597278,132.56302802507264,-0.31552840605108945,-0.007231502721086935,-0.31918646049875,-0.007320454577742964,operation_enabled,operation_enabled
21.431878291000203,-0.3,0.0,-0.3,0.0,-34.72471485641352,-34.72471485641352,-34.7,-34.7,757159,914373,2.2960333533416573,2.978002983018993,132.5545966569767,-0.3170377414150129,-0.007265281812186698,-0.3194271908343514,-0.007318757952442436,operation_enabled,operation_enabled
21.45198016800009,-0.3,0.0,-0.3,0.0,-34.72471485641352,-34.72471485641352,-34.7,-34.7,756653,913863,2.298207196463469,2.9756350433621113,132.5512241097383,-0.25621697014369765,-0.005586503897054654,-0.15990828821767444,-0.0029281869294574747,operation_enabled,operation_enabled
21.472092229000054,-0.3,0.0,-0.3,0.0,-34.72471485641352,-34.72471485641352,-34.7,-34.7,755636,912833,2.302586380061923,2.9708636565221416,132.54026333121362,-0.28169332722364043,-0.007106352409300861,-0.32201428847424984,-0.009511788664444347,operation_enabled,operation_enabled
21.49221191000015,-0.3,0.0,-0.3,0.0,-34.72471485641352,-34.72471485641352,-34.7,-34.7,754624,911814,2.3069306378867873,2.966128925015917,132.53436137354646,-0.2962873597669403,-0.00633698889122071,-0.319376318472588,-0.005119792585410103,operation_enabled,operation_enabled
21.51233081700002,-0.3,0.0,-0.3,0.0,-34.72471485641352,-34.72471485641352,-34.7,-34.7,753616,910794,2.3112678178158017,2.9614005808361465,132.52424373183135,-0.3050511945874461,-0.007281993105762151,-0.3189168348245967,-0.008777124943569475,operation_enabled,operation_enabled
21.532450161000042,-0.3,0.0,-0.3,0.0,-34.72471485641352,-34.72471485641352,-34.7,-34.7,752607,909774,2.3156063357677654,2.956669170856522,132.5149692269258,-0.31047930332454354,-0.007577693287433042,-0.319067161230332,-0.008045523109181118,operation_enabled,operation_enabled
21.55257606400005,-0.3,0.0,-0.3,0.0,-34.72471485641352,-34.72471485641352,-34.7,-34.7,751594,908752,2.3199569848897448,2.9519231292481685,132.5073809956395,-0.3141309583798084,-0.007191444243424533,-0.3199063906922041,-0.006580555433929121,operation_enabled,operation_enabled
21.572720321000133,-0.3,0.0,-0.3,0.0,-34.72471485641352,-34.72471485641352,-34.7,-34.7,750549,907697,2.324445913513117,2.9470248665857324,132.49894962754357,-0.320213075481569,-0.007235481220124428,-0.32982374517472207,-0.007305066338310537,operation_enabled,operation_enabled
21.592844373000162,-0.3,0.0,-0.3,0.0,-34.72471485641352,-34.72471485641352,-34.7,-34.7,750045,907187,2.326613146312441,2.944659450318289,132.493890806686,-0.2579312357736176,-0.0061323328171232075,-0.15941764959958457,-0.00438744047336135,operation_enabled,operation_enabled
21.61295142400013,-0.3,0.0,-0.3,0.0,-34.72471485641352,-34.72471485641352,-34.7,-34.7,749034,906167,2.3309535009171514,2.939921140454384,132.4863025753997,-0.28179646333278247,-0.006308244186013745,-0.31957693083206956,-0.006586725241291671,operation_enabled,operation_enabled
21.633071912000105,-0.3,0.0,-0.3,0.0,-34.72471485641352,-34.72471485641352,-34.7,-34.7,748021,905144,2.3353038767094936,2.9351705574060833,132.47787120730376,-0.2966504485289126,-0.006697649523317252,-0.3201497311365798,-0.0073136960555713094,operation_enabled,operation_enabled
21.653205484000182,-0.3,0.0,-0.3,0.0,-34.72471485641352,-34.72471485641352,-34.7,-34.7,747014,904125,2.3396321199722356,2.9304426066048137,132.46775356558862,-0.30506574734530084,-0.007500861386559518,-0.31837025589667406,-0.008770731813770038,operation_enabled,operation_enabled
21.673295685000085,-0.3,0.0,-0.3,0.0,-34.72471485641352,-34.72471485641352,-34.7,-34.7,746000,903101,2.3439852295193595,2.9256859474414223,132.4593221974927,-0.3112109130141138,-0.007432706568982761,-0.32094733618195503,-0.00732472182445064,operation_enabled,operation_enabled
21.693396625000105,-0.3,0.0,-0.3,0.0,-34.72471485641352,-34.72471485641352,-34.7,-34.7,744990,902082,2.348318453251091,2.920949688312627,132.45173396620638,-0.314364851071354,-0.007106033385783486,-0.3193592924458859,-0.0065887277087188665,operation_enabled,operation_enabled
21.713493882000193,-0.3,0.0,-0.3,0.0,-34.72471485641352,-34.72471485641352,-34.7,-34.7,743983,901064,2.352642438763561,2.916222129967553,132.44245946130084,-0.3160767408063008,-0.007473056528226543,-0.3187881129437409,-0.008054365184912139,operation_enabled,operation_enabled
21.73359517000017,-0.3,0.0,-0.3,0.0,-34.72471485641352,-34.72471485641352,-34.7,-34.7,742972,900042,2.356982738354909,2.911475192219479,132.4331849563953,-0.31758885861578895,-0.007697436939379762,-0.31998334223213815,-0.008052750007557936,operation_enabled,operation_enabled
21.753696044000208,-0.3,0.0,-0.3,0.0,-34.72471485641352,-34.72471485641352,-34.7,-34.7,742472,899538,2.3591259428652434,2.9091306735703477,132.42981240915694,-0.2558286452780963,-0.005851495898184207,-0.15802749256119325,-0.0029283330410672013,operation_enabled,operation_enabled
21.77382320400011,-0.3,0.0,-0.3,0.0,-34.72471485641352,-34.72471485641352,-34.7,-34.7,741464,898519,2.3634523880978353,2.904396790372973,132.4205379042514,-0.28015572895402563,-0.006700191513499296,-0.3186288728854418,-0.008042398783262872,operation_enabled,operation_enabled
21.793944395000153,-0.3,0.0,-0.3,0.0,-34.72471485641352,-34.72471485641352,-34.7,-34.7,740442,897487,2.3678357211088428,2.8995991736710316,132.41210653615548,-0.2967373417865523,-0.006937704176725832,-0.3229688471355834,-0.007313440527514823,operation_enabled,operation_enabled
21.81407024400005,-0.3,0.0,-0.3,0.0,-34.72471485641352,-34.72471485641352,-34.7,-34.7,739430,896467,2.3721714764552293,2.8948523690523356,132.40536144167874,-0.3055296888489004,-0.006516141189186323,-0.3194356413019812,-0.005849398302544914,operation_enabled,operation_enabled
21.834185686000183,-0.3,0.0,-0.3,0.0,-34.72471485641352,-34.72471485641352,-34.7,-34.7,738419,895445,2.3765087015774515,2.89010262203108,132.3960869367732,-0.3110394530162769,-0.00710897474042973,-0.31975818962174407,-0.008047083782333821,operation_enabled,operation_enabled
21.85429689800003,-0.3,0.0,-0.3,0.0,-34.72471485641352,-34.72471485641352,-34.7,-34.7,737399,894414,2.3808835523933998,2.885310112952194,132.38681243186767,-0.3155376446879099,-0.007472851294800697,-0.32265715035987674,-0.008048776329093277,operation_enabled,operation_enabled
21.8744074990002,-0.3,0.0,-0.3,0.0,-34.72471485641352,-34.72471485641352,-34.7,-34.7,736384,893388,2.3852363008375055,2.880540265923295,132.37753792696213,-0.317688836601223,-0.0076959310360158305,-0.32109373560488974,-0.008049020866774744,operation_enabled,operation_enabled
21.894600344000082,-0.3,0.0,-0.3,0.0,-34.72471485641352,-34.72471485641352,-34.7,-34.7,735881,892879,2.387394251652566,2.878174937093083,132.3724791061046,-0.2559240681732493,-0.006405951854559519,-0.15856118340594555,-0.004372493337786901,operation_enabled,operation_enabled
21.91476707300012,-0.3,0.0,-0.3,0.0,-34.72471485641352,-34.72471485641352,-34.7,-34.7,734864,891854,2.3917480441507943,2.8734017598643398,132.36573401162784,-0.2809136363284729,-0.006185500100406641,-0.3203569520751963,-0.005837540980346642,operation_enabled,operation_enabled
21.935030688000097,-0.3,0.0,-0.3,0.0,-34.72471485641352,-34.72471485641352,-34.7,-34.7,733848,890826,2.3961053977566036,2.86862326637817,132.35561636991272,-0.295781850652547,-0.00716920214034106,-0.3191375036752568,-0.008714445101040103,operation_enabled,operation_enabled
21.95525586100007,-0.3,0.0,-0.3,0.0,-34.72471485641352,-34.72471485641352,-34.7,-34.7,732824,889791,2.4004939133746794,2.863808962938325,132.3463418650072,-0.3060034636357639,-0.007493319267095037,-0.3220905471198316,-0.008003424598344466,operation_enabled,operation_enabled
21.975362899000174,-0.3,0.0,-0.3,0.0,-34.72471485641352,-34.72471485641352,-34.7,-34.7,731813,888769,2.404826243549096,2.859054750723184,132.33706736010166,-0.3113801416517922,-0.0077090030843804044,-0.3198918367474093,-0.008050447166454703,operation_enabled,operation_enabled
21.99549297800013,-0.3,0.0,-0.3,0.0,-34.72471485641352,-34.72471485641352,-34.7,-34.7,730795,887742,2.4091834419840072,2.854271835024196,132.32947912881534,-0.3152664453921121,-0.0072713057507325,-0.3214117213309679,-0.006579190292781616,operation_enabled,operation_enabled
22.015617298000052,-0.3,0.0,-0.3,0.0,-34.72471485641352,-34.72471485641352,-34.7,-34.7,729780,886719,2.4135251295617706,2.8495047480593803,132.32273403433857,-0.3172561104469244,-0.006720717610107489,-0.3204031984337165,-0.0058498427264981724,operation_enabled,operation_enabled
22.035748509000086,-0.3,0.0,-0.3,0.0,-34.72471485641352,-34.72471485641352,-34.7,-34.7,729273,886207,2.4156957453535592,2.8471209969440063,132.3185183502906,-0.25638875924655136,-0.005532957702459993,-0.16014676152040166,-0.0036549001876075723,operation_enabled,operation_enabled
22.05590178300008,0.0,0.0,-0.2838773808000042,0.0,-32.85853700821888,-32.85853700821888,-34.7,-34.7,728261,885182,2.4200342156539945,2.8423552593966512,132.3075575717659,-0.280966577204053,-0.007067931119622637,-0.3197858898214485,-0.009492337266794118,operation_enabled,operation_enabled
22.07601481000006,0.0,0.0,-0.26778695920002066,0.0,-30.996086001622537,-30.996086001622537,-34.6,-34.6,727250,884163,2.424357043236864,2.837605230960474,132.30081247728916,-0.2958190572962758,-0.0065975519590045955,-0.3193246750618527,-0.005853127278026893,operation_enabled,operation_enabled
22.096135214000014,0.0,0.0,-0.2516906360000576,0.0,-29.13295189043789,-29.13295189043789,-34.1,-34.1,726251,883153,2.4286344946975755,2.8329037427294876,132.29153797238362,-0.303598373775546,-0.0071581767045596914,-0.315905449434215,-0.00804509924821174,operation_enabled,operation_enabled
22.116269371000044,0.0,0.0,-0.23558331040003397,0.0,-27.26854426190379,-27.26854426190379,-33.25,-33.25,725261,882154,2.432868678261727,2.828248435627703,132.28394974109727,-0.3070655292353934,-0.006933329201197965,-0.31254691025275555,-0.00657785773445776,operation_enabled,operation_enabled
22.136373204000165,0.0,0.0,-0.2195002439999371,0.0,-25.406944612703363,-25.406944612703363,-32.1,-32.1,724303,881187,2.436966021869734,2.8237423795283383,132.27636150981095,-0.30547101094575246,-0.006799567847450613,-0.3029463633559594,-0.006587779571618571,operation_enabled,operation_enabled
22.156489494000198,0.0,0.0,-0.20340721199991094,0.0,-23.54419145478321,-23.54419145478321,-30.75,-30.75,723381,880255,2.440911635934444,2.819401969194599,132.26793014171503,-0.30009647228006864,-0.006999252129346683,-0.29159207713085655,-0.0073152223258537265,operation_enabled,operation_enabled
22.17660250400013,0.0,0.0,-0.18731680399996548,0.0,-21.681742022378337,-21.681742022378337,-30.0,-30.0,722930,879799,2.4428416453477975,2.8172783731232056,132.26371445766705,-0.23914150641305273,-0.005705580810305947,-0.14267375619798073,-0.003658207640777933,operation_enabled,operation_enabled
22.196715423000114,0.0,0.0,-0.17122646879997772,0.0,-19.819301016499374,-19.819301016499374,-28.45,-28.45,722075,878933,2.446503294661081,2.8132484945824907,132.25443995276152,-0.251368675324672,-0.006612612348140005,-0.27071956489276733,-0.008048093222762367,operation_enabled,operation_enabled
22.216873968000073,0.0,0.0,-0.155099632800011,0.0,-17.95263507771608,-17.95263507771608,-26.8,-26.8,721276,878126,2.4499197408994235,2.809487421386581,132.24769485828477,-0.251635899479102,-0.006313003262889472,-0.2520578549832435,-0.0058399109150740714,operation_enabled,operation_enabled
22.237000769000133,0.0,0.0,-0.1389981919999627,0.0,-16.088908609185747,-16.088908609185747,-25.0,-25.0,720522,877364,2.4531443120224985,2.8059367385361567,132.24094976380803,-0.24647303079789754,-0.006133310218281471,-0.23830783781819292,-0.005849121625285398,operation_enabled,operation_enabled
22.257122823000145,0.0,0.0,-0.12290054879995292,0.0,-14.225621709250337,-14.225621709250337,-23.15,-23.15,719812,876650,2.456172902285239,2.802601265063397,132.23757721656963,-0.23772971109324875,-0.00489078922876779,-0.22389869215227207,-0.0029252507466981615,operation_enabled,operation_enabled
22.277241687000014,0.0,0.0,-0.10680545760005766,0.0,-12.362630200902556,-12.362630200902556,-21.3,-21.3,719154,875982,2.4589927443314004,2.7994950491424917,132.2291458484737,-0.22641868730146833,-0.005829348395321739,-0.20852299152159123,-0.007314286419081356,operation_enabled,operation_enabled
22.2974088750002,0.0,0.0,-0.09067170719990822,0.0,-10.4951639268701,-10.4951639268701,-20.3,-20.3,718832,875660,2.460362149376395,2.797986348792027,132.2291458484737,-0.17778778490262842,-0.003568469790492631,-0.101030941026098,0.0,operation_enabled,operation_enabled
22.317537148000156,0.0,0.0,-0.0745690887999444,0.0,-8.631301152268827,-8.631301152268827,-18.3,-18.3,718243,875065,2.4628796908548867,2.7952124779989425,132.22408702761618,-0.18100992486814935,-0.0038853708700109643,-0.18610543905208113,-0.004386520405061625,operation_enabled,operation_enabled
22.337681655000097,0.0,0.0,-0.058453483199991704,0.0,-6.765935121612901,-6.765935121612901,-16.35,-16.35,717722,874536,2.465112054468545,2.792752311942025,132.2173419331394,-0.1747698967367765,-0.004644482944260446,-0.16490982597760248,-0.005843980544056774,operation_enabled,operation_enabled
22.357800590000124,0.0,0.0,-0.04235833519996954,0.0,-4.902937038704421,-4.902937038704421,-14.25,-14.25,717256,874070,2.4670934143944576,2.790568505057645,132.2173419331394,-0.16384611507611369,-0.0028457882791694455,-0.14656315403917322,0.0,operation_enabled,operation_enabled
22.377927309000142,0.0,0.0,-0.02625695999995509,0.0,-3.0392181633156543,-3.0392181633156543,-12.25,-12.25,716874,873677,2.468740857481219,2.7887524378810786,132.20806742823387,-0.14756917868860148,-0.0048588537291225,-0.12182673269467094,-0.00804257500159867,operation_enabled,operation_enabled
22.398041132000117,0.0,0.0,-0.010165901599975716,0.0,-1.1766934477250492,-1.1766934477250492,-10.3,-10.3,716540,873343,2.4701607204415437,2.7871869902166,132.20806742823387,-0.1311144398368264,-0.0029774314879875575,-0.10507410901011466,0.0,operation_enabled,operation_enabled
22.41818398500004,0.0,0.0,0.0,0.0,0.0,0.0,-9.3,-9.3,716397,873201,2.470766505211549,2.7865191015834117,132.20891056504348,-0.09764903201311258,-0.0015403724631696555,-0.04476491398127142,0.0007305575517139529,operation_enabled,operation_enabled
22.43837181700019,0.0,0.0,0.0,0.0,0.0,0.0,-7.35,-7.35,716158,872957,2.4717931176661443,2.7853871758958335,132.2046948809955,-0.08912923548839047,-0.002357015090810138,-0.07569572037852819,-0.0036446492550689918,operation_enabled,operation_enabled
22.458462989000054,0.0,0.0,0.0,0.0,0.0,0.0,-5.55,-5.55,715972,872770,2.4725858874513245,2.7845130036680295,132.2038517441859,-0.07736932029489672,-0.0017283878951206274,-0.058737767756313924,-0.0007324367822970419,operation_enabled,operation_enabled
22.478557806000026,0.0,0.0,0.0,0.0,0.0,0.0,-4.2,-4.2,715832,872628,2.4731852323251298,2.783852088110678,132.20216547056674,-0.06461033179015142,-0.0016263074045056686,-0.04439958700570557,-0.001464607851087101,operation_enabled,operation_enabled
22.49870174900002,0.0,0.0,0.0,0.0,0.0,0.0,-3.2,-3.2,715726,872521,2.4736379179660193,2.783352875941982,132.20132233375713,-0.05253508923818964,-0.0012791259898736135,-0.03345407276411686,-0.0007305180208345251,operation_enabled,operation_enabled
22.51883187600015,0.0,0.0,0.0,0.0,0.0,0.0,-2.45,-2.45,715644,872438,2.4739885842506255,2.7829661571299,132.20047919694753,-0.04222920617397355,-0.0010667853747457655,-0.025932913233680736,-0.0007310194005265933,operation_enabled,operation_enabled
22.538979153000128,0.0,0.0,0.0,0.0,0.0,0.0,-1.85,-1.85,715584,872377,2.474245735352746,2.782682559550232,132.19963606013795,-0.0332258385484434,-0.0009363980485865756,-0.01900128143257893,-0.0007303971336759134,operation_enabled,operation_enabled
22.559080085999994,0.0,0.0,0.0,0.0,0.0,0.0,-1.6,-1.6,715558,872352,2.4743541213544664,2.782563026686074,132.20047919694753,-0.023472401074583885,-0.00029059125455836656,-0.00802726938728611,0.0007320811114716028,operation_enabled,operation_enabled
22.579195788000106,0.0,0.0,0.0,0.0,0.0,0.0,-1.25,-1.25,715516,872310,2.4745326409235213,2.78236615034096,132.20047919694753,-0.019499065116416456,-0.00017806344940009115,-0.01321167769833281,0.0,operation_enabled,operation_enabled
22.599295872000084,0.0,0.0,0.0,0.0,0.0,0.0,-0.95,-0.95,715485,872279,2.4746644053673474,2.7822208368481376,132.20047919694753,-0.01572916313598001,-0.00010914343466112192,-0.009759053407492842,0.0,operation_enabled,operation_enabled
22.61940788800007,0.0,0.0,0.0,0.0,0.0,0.0,-0.7,-0.7,715461,872256,2.474764292127205,2.7821106805804536,132.20132233375713,-0.012501684878546575,0.00021641739880629883,-0.007393603039385926,0.0007316776882123643,operation_enabled,operation_enabled
22.639533245000166,0.0,0.0,0.0,0.0,0.0,0.0,-0.55,-0.55,715443,872236,2.4748450509798694,2.7820216174719534,132.19963606013795,-0.009973117376943631,-0.000433868985929579,-0.0059738440540436834,-0.0014623853253472906,operation_enabled,operation_enabled
22.659646517000056,0.0,0.0,0.0,0.0,0.0,0.0,-0.4,-0.4,715430,872221,2.474904555571435,2.7819559902722752,132.1979497865188,-0.007816870841604463,-0.0008324597363140002,-0.004404424625733807,-0.0014632639952603993,operation_enabled,operation_enabled
22.67978304799999,0.0,0.0,0.0,0.0,0.0,0.0,-0.35,-0.35,715425,872218,2.4749215568833107,2.7819372396437956,132.19963606013795,-0.005275014312862432,5.64392985077961e-05,-0.00125695349413438,0.001461573830388814,operation_enabled,operation_enabled
22.699916777,0.0,0.0,0.0,0.0,0.0,0.0,-0.25,-0.25,715416,872207,2.4749640601630003,2.781890363072597,132.1979497865188,-0.004448896071225641,-0.0005317936735233661,-0.0031428210591419297,-0.0014617772368102008,operation_enabled,operation_enabled
22.720042740000054,0.0,0.0,0.0,0.0,0.0,0.0,-0.2,-0.2,715408,872202,2.474991687518986,2.7818598935045937,132.20047919694755,-0.003517192875839975,0.0005238764188307553,-0.002043621956130566,0.002193511938601681,operation_enabled,operation_enabled
22.740177983000194,0.0,0.0,0.0,0.0,0.0,0.0,-0.15,-0.15,715405,872195,2.4750129391588285,2.7818364552189965,132.19710664970918,-0.0027632190304611847,-0.0008118069725179311,-0.0015712923727774373,-0.0029233346470277904,operation_enabled,operation_enabled
22.76030306000007,0.0,0.0,0.0,0.0,0.0,0.0,-0.1,-0.1,715401,872190,2.4750320648586372,2.7818153600583306,132.19626351289958,-0.002240941659041233,-0.0007805851230669182,-0.0014148774871919224,-0.0007312028357580991,operation_enabled,operation_enabled
22.78042412900004,0.0,0.0,0.0,0.0,0.0,0.0,-0.1,-0.1,715398,872188,2.47504269024742,2.7818036405246276,132.19710664970918,-0.0016775190303084954,-0.00019501215659804936,-0.0007861996236429796,0.0007313484871097484,operation_enabled,operation_enabled
22.80073888900006,0.0,0.0,0.0,0.0,0.0,0.0,-0.05,-0.05,715394,872188,2.475051190903357,2.781794265210389,132.20047919694755,-0.001266688702549675,0.0010097587079791028,-0.000622962885116266,0.0028975017912384465,operation_enabled,operation_enabled
22.820847979000064,0.0,0.0,0.0,0.0,0.0,0.0,-0.05,-0.05,715394,872187,2.4750533161190766,2.7817919214287388,132.19963606013795,-0.0008371914368552936,0.00033550400831825367,-0.00015733359266944892,-0.0007317841519509252,operation_enabled,operation_enabled
22.840946811000094,0.0,0.0,0.0,0.0,0.0,0.0,-0.05,-0.05,715391,872183,2.4750681923876856,2.7817755147382743,132.19879292332837,-0.0009396427359455524,-7.772199198641282e-05,-0.0011018972458233013,-0.0007321576384207984,operation_enabled,operation_enabled
22.86105592800004,0.0,0.0,0.0,0.0,0.0,0.0,-0.05,-0.05,715392,872185,2.475061816843996,2.7817825461770447,132.19963606013795,-0.00039311146685421373,0.00023568580356375456,0.0004720001442662709,0.0007317831694050711,operation_enabled,operation_enabled
22.881164342000147,0.0,0.0,0.0,0.0,0.0,0.0,-0.05,-0.05,715393,872182,2.475066067102983,2.7817778584573802,132.19626351289958,-0.00036274574653104985,-0.0009888435131829001,-0.00031467776374581244,-0.002927235011588953,operation_enabled,operation_enabled
22.901255464000087,0.0,0.0,0.0,0.0,0.0,0.0,-0.0,0.0,715391,872180,2.4750745673450254,2.7817684827678746,132.19626351289958,-0.00046611928793035304,-0.0006062131573360528,-0.0006298972003701172,0.0,operation_enabled,operation_enabled
22.921377223000036,0.0,0.0,0.0,0.0,0.0,0.0,-0.0,0.0,715388,872182,2.475076692491764,2.7817661389236785,132.20047919694755,-0.0003464854882397374,0.0010448187100342906,-0.00015723453277728834,0.0036566170413322883,operation_enabled,operation_enabled
22.941475510000146,0.0,0.0,0.0,0.0,0.0,0.0,-0.0,0.0,715389,872181,2.475076692491764,2.7817661389236785,132.1987929233284,-0.00021238454612037443,7.368840942759158e-05,0.0,-0.0014643549842907847,operation_enabled,operation_enabled
22.961589714000183,0.0,0.0,0.0,0.0,0.0,0.0,-0.0,0.0,715389,872181,2.475076692491764,2.7817661389236785,132.1987929233284,-0.0001301450573095072,4.515480265953462e-05,0.0,0.0,operation_enabled,operation_enabled
22.98170727700017,0.0,0.0,0.0,0.0,0.0,0.0,-0.0,0.0,715387,872179,2.4750851931477023,2.7817567636094385,132.1987929233284,-0.000323358145986798,2.766818255261408e-05,-0.000629069311231476,0.0,operation_enabled,operation_enabled
23.001835245000166,0.0,0.0,0.0,0.0,0.0,0.0,-0.0,0.0,715389,872180,2.4750788177074847,2.7817637951420275,132.1979497865188,-1.542185200924766e-05,-0.0002662641567237009,0.0004715580889756878,-0.0007310978123654074,operation_enabled,operation_enabled
23.021973867000042,0.0,0.0,0.0,0.0,0.0,0.0,-0.0,0.0,715390,872181,2.4750745674484973,2.781768482861693,132.1979497865188,0.00011231136590808422,-0.00016308475744432815,0.0003142057460568559,0.0,operation_enabled,operation_enabled
23.042066499000157,0.0,0.0,0.0,0.0,0.0,0.0,-0.0,0.0,715389,872182,2.4750745674484973,2.781768482861693,132.19963606013795,6.885078057637493e-05,0.0004668372004405746,0.0,0.0014647671218061366,operation_enabled,operation_enabled
23.062173150000035,0.0,0.0,0.0,0.0,0.0,0.0,-0.0,0.0,715387,872179,2.4750851933546465,2.7817567637970755,132.19879292332837,-0.0002623836693839118,2.7797998284534767e-06,-0.0007867633886501793,-0.0007318729196745852,operation_enabled,operation_enabled
23.082280127000104,0.0,0.0,0.0,0.0,0.0,0.0,-0.0,0.0,715387,872179,2.4750851933546465,2.7817567637970755,132.19879292332837,-0.0001608059055520908,1.7036434840537244e-06,0.0,0.0,operation_enabled,operation_enabled
23.102380364000055,0.0,0.0,0.0,0.0,0.0,0.0,-0.0,0.0,715389,872180,2.475078817914429,2.7817637953296646,132.19794978651876,8.420550687142137e-05,-0.0002823211765414792,0.0004722086672443381,-0.000732106460843935,operation_enabled,operation_enabled
23.122531708999986,0.0,0.0,0.0,0.0,0.0,0.0,-0.0,0.0,715388,872181,2.475078817914429,2.7817637953296646,132.19963606013795,5.156260491323795e-05,0.00039329639829592034,0.0,0.0014604993733380164,operation_enabled,operation_enabled
23.1426612260002,0.0,0.0,0.0,0.0,0.0,0.0,-0.0,0.0,715387,872180,2.475083068311379,2.7817591077350907,132.19963606013795,-9.019123282403324e-05,0.00024093324398535536,-0.00031434786785798137,0.0,operation_enabled,operation_enabled
23.162780221000048,0.0,0.0,0.0,0.0,0.0,0.0,-0.0,0.0,715388,872178,2.475085193458118,2.7817567638908947,132.19710664970916,-0.00011616387648669432,-0.0007021637780958026,-0.00015725613406823003,-0.0021942716381613495,operation_enabled,operation_enabled
23.182899144000203,0.0,0.0,0.0,0.0,0.0,0.0,-0.0,0.0,715386,872178,2.4750894437171054,2.7817520761712293,132.19879292332834,-0.00019297976585520127,0.0001362939665326779,-0.00031451339368313323,0.0014628529938750384,operation_enabled,operation_enabled
23.202999169000122,0.0,0.0,0.0,0.0,0.0,0.0,-0.0,0.0,715387,872181,2.475080942923206,2.7817614513603766,132.2004791969475,0.00012540877436768047,0.0006502742020401028,0.0006296181969976208,0.0014642283651107458,operation_enabled,operation_enabled
23.223100853000005,0.0,0.0,0.0,0.0,0.0,0.0,-0.0,0.0,715389,872180,2.4750788177419762,2.7817637951733,132.19794978651873,0.00013778841495710653,-0.0004515013037142821,0.000157391558589448,-0.0021961612826434606,operation_enabled,operation_enabled
23.243226469000092,0.0,0.0,0.0,0.0,0.0,0.0,-0.0,0.0,715388,872180,2.4750809428887153,2.7817614513291034,132.19879292332834,2.3521669712721552e-05,6.6166855007297265e-06,-0.00015720439935853448,0.000731183252830393,operation_enabled,operation_enabled
23.263364526000032,0.0,0.0,0.0,0.0,0.0,0.0,-0.0,0.0,715386,872180,2.4750851932856652,2.78175676373453,132.2004791969475,-0.00010735145667463963,0.0005703711128905923,-0.0003142145615163913,0.0014614630768204249,operation_enabled,operation_enabled
23.283468786000185,0.0,0.0,0.0,0.0,0.0,0.0,-0.0,0.0,715386,872180,2.4750851932856652,2.78175676373453,132.2004791969475,-6.579544888050369e-05,0.000349579079442286,0.0,0.0,operation_enabled,operation_enabled
23.30360075600015,0.0,0.0,0.0,0.0,0.0,0.0,-0.0,0.0,715388,872180,2.4750809428887153,2.7817614513291034,132.19879292332834,8.14683512666134e-05,-0.00035224281934756604,0.00031430956583180977,-0.0014619049573572547,operation_enabled,operation_enabled
23.323724741000206,0.0,0.0,0.0,0.0,0.0,0.0,-0.0,0.0,715387,872181,2.4750809428887153,2.7817614513291034,132.2004791969475,4.991279912815884e-05,0.00035066497588010165,0.0,0.0014624850269088093,operation_enabled,operation_enabled
23.343829407000158,0.0,0.0,0.0,0.0,0.0,0.0,-0.0,0.0,715389,872180,2.4750788177074856,2.7817637951420267,132.19794978651873,9.150956411159848e-05,-0.0006351037163731159,0.00015736821367844125,-0.0021958355396991805,operation_enabled,operation_enabled
23.363930082000024,0.0,0.0,0.0,0.0,0.0,0.0,-0.0,0.0,715386,872180,2.4750851932511746,2.7817567637032568,132.2004791969475,-0.00012667928914609044,0.0004608086720469611,-0.0004721983776716581,0.0021962715240542237,operation_enabled,operation_enabled
23.384036178000088,0.0,0.0,0.0,0.0,0.0,0.0,-0.0,0.0,715387,872180,2.4750830680354547,2.781759107484907,132.19963606013792,-1.6721994358363123e-05,-9.149103637731606e-07,0.00015735702122402043,-0.000731893121972188,operation_enabled,operation_enabled
23.40419136200012,0.0,0.0,0.0,0.0,0.0,0.0,-0.0,0.0,715386,872179,2.4750873184324047,2.781754419890333,132.19963606013792,-0.00013195717277514004,-5.601970660518811e-07,-0.00031394755562728764,0.0,operation_enabled,operation_enabled
23.42428228200015,0.0,0.0,0.0,0.0,0.0,0.0,-0.0,0.0,715387,872179,2.475085193251175,2.7817567637032563,132.1987929233283,-1.9962515194161078e-05,-0.00028375969587082284,0.00015747588338460686,-0.0007324459692307295,operation_enabled,operation_enabled
23.44438518400011,0.0,0.0,0.0,0.0,0.0,0.0,-0.0,0.0,715387,872179,2.475085193251175,2.7817567637032563,132.1987929233283,-1.2235297343872556e-05,-0.00017392018086988704,0.0,0.0,operation_enabled,operation_enabled
23.464477522000152,0.0,0.0,0.0,0.0,0.0,0.0,-0.0,0.0,715388,872179,2.475083068104436,2.781759107547453,132.1979497865187,5.3432126660672266e-05,-0.00039002825875856845,0.00015746476965536685,-0.0007323942774668224,operation_enabled,operation_enabled
23.484566774000086,0.0,0.0,0.0,0.0,0.0,0.0,-0.0,0.0,715387,872181,2.4750809429232064,2.781761451360376,132.2004791969475,9.369434218087822e-05,0.0006111596301018248,0.00015748895852491103,0.002197520351510387,operation_enabled,operation_enabled
23.50466872600009,0.0,0.0,0.0,0.0,0.0,0.0,-0.0,0.0,715390,872180,2.4750766925952377,2.7817661390174955,132.1971066497091,0.00017927069368181857,-0.0007588293246945684,0.0003147789204763221,-0.0029281760044309038,operation_enabled,operation_enabled
23.52476890700018,0.0,0.0,0.0,0.0,0.0,0.0,-0.0,0.0,715387,872179,2.475085193113212,2.7817567635781653,132.19879292332828,-0.00013381131487919402,0.00010161025036485843,-0.0006296133104473315,0.0014642170010403057,operation_enabled,operation_enabled
23.544862689000183,0.0,0.0,0.0,0.0,0.0,0.0,-0.0,0.0,715389,872179,2.4750809428542246,2.7817614512978306,132.1971066497091,3.9833094772807166e-05,-0.000504512041352549,0.0003149069075212994,-0.0014646832907967413,operation_enabled,operation_enabled
23.564952241000128,0.0,0.0,0.0,0.0,0.0,0.0,-0.0,0.0,715387,872181,2.4750809428542246,2.7817614512978306,132.2004791969475,2.4420523577918197e-05,0.0008243931194237363,0.0,0.002929983380853717,operation_enabled,operation_enabled
23.58507930000019,0.0,0.0,0.0,0.0,0.0,0.0,-0.0,0.0,715389,872182,2.4750745672070646,2.781768482642781,132.1996360601379,0.00019763705535120332,0.00022182770826819536,0.00047157938599046807,-0.0007311308309929737,operation_enabled,operation_enabled
23.605193879000126,0.0,0.0,0.0,0.0,0.0,0.0,-0.0,0.0,715388,872179,2.4750830678630025,2.7817591073285413,132.1979497865187,-0.00012251976313679393,-0.0004306437009517569,-0.0006291626337342678,-0.0014631689156610877,operation_enabled,operation_enabled
23.625337041000193,0.0,0.0,0.0,0.0,0.0,0.0,-0.0,0.0,715387,872178,2.47508731812199,2.781754419608876,132.1979497865187,-0.0001967823584274618,-0.00026374292952287,-0.0003141349282703001,0.0,operation_enabled,operation_enabled
23.645428324000022,0.0,0.0,0.0,0.0,0.0,0.0,-0.0,0.0,715389,872182,2.475074567138083,2.7817684825802353,132.1996360601379,0.00024496684837306255,0.0004051407594640058,0.0009448382291089427,0.0014648654714867328,operation_enabled,operation_enabled
23.665523525000026,0.0,0.0,0.0,0.0,0.0,0.0,-0.0,0.0,715387,872180,2.475083067931983,2.7817591073910877,132.1996360601379,-9.355210873962619e-05,0.00024835311425922143,-0.0006297693414489457,0.0,operation_enabled,operation_enabled
23.68563568100012,0.0,0.0,0.0,0.0,0.0,0.0,-0.0,0.0,715388,872179,2.475083067931983,2.7817591073910877,132.1979497865187,-5.73291457494328e-05,-0.0004144089032171761,0.0,-0.0014633451900521051,operation_enabled,operation_enabled
23.705747423000048,0.0,0.0,0.0,0.0,0.0,0.0,-0.0,0.0,715388,872179,2.475083067931983,2.7817591073910877,132.1979497865187,-3.513183392804702e-05,-0.00025395363171400447,0.0,0.0,operation_enabled,operation_enabled
23.725887375000184,0.0,0.0,0.0,0.0,0.0,0.0,-0.0,0.0,715387,872181,2.475080942750753,2.781761451204011,132.2004791969475,3.935957950276049e-05,0.000693905950644736,0.00015709249828364916,0.002191988348143942,operation_enabled,operation_enabled
23.74602561200004,0.0,0.0,0.0,0.0,0.0,0.0,-0.0,0.0,715388,872180,2.475080942750753,2.781761451204011,132.1987929233283,2.410761969747271e-05,-0.00014130120739268585,0.0,-0.0014614500139475321,operation_enabled,operation_enabled
23.766123537000112,0.0,0.0,0.0,0.0,0.0,0.0,-0.0,0.0,715388,872181,2.4750788175695235,2.7817637950169343,132.19963606013792,7.570358147881084e-05,0.00019676429826654985,0.00015742099619750182,0.0007321906799883805,operation_enabled,operation_enabled
23.78624155800003,0.0,0.0,0.0,0.0,0.0,0.0,-0.0,0.0,715389,872179,2.4750809427162626,2.781761451172738,132.19710664970913,-1.4516456427804305e-05,-0.0007292408124082602,-0.00015726374751409488,-0.002194377872289696,operation_enabled,operation_enabled
23.80634464400009,0.0,0.0,0.0,0.0,0.0,0.0,-0.0,0.0,715387,872178,2.475087318053007,2.7817544195463317,132.19794978651873,-0.00019165796940647718,-0.00016361016712231513,-0.00047214174604897686,0.0007320027070526772,operation_enabled,operation_enabled
23.826453620000166,0.0,0.0,0.0,0.0,0.0,0.0,-0.0,0.0,715389,872180,2.475078817535032,2.7817637949856624,132.19794978651873,0.00012619721452271812,-0.0001002671720279005,0.000629337938441515,0.0,operation_enabled,operation_enabled
23.846571834000088,0.0,0.0,0.0,0.0,0.0,0.0,-0.0,0.0,715389,872180,2.475078817535032,2.7817637949856624,132.19794978651873,7.732519262439381e-05,-6.143700096934314e-05,0.0,0.0,operation_enabled,operation_enabled
23.866670039000155,0.0,0.0,0.0,0.0,0.0,0.0,-0.0,0.0,715389,872181,2.475076692388293,2.781766138829859,132.19879292332834,0.0001083238985509102,0.00024571752427566314,0.000157418803072389,0.0007321804794064604,operation_enabled,operation_enabled
23.886769305000144,0.0,0.0,0.0,0.0,0.0,0.0,-0.0,0.0,715388,872181,2.4750788175695226,2.7817637950169356,132.19963606013795,5.473137171135853e-06,0.00043398487560549154,-0.0001574104932496525,0.0007321418290681511,operation_enabled,operation_enabled
23.906859164000025,0.0,0.0,0.0,0.0,0.0,0.0,-0.0,0.0,715386,872180,2.4750851932166826,2.7817567636719853,132.20047919694753,-0.00017945182302386506,0.0005494841150873652,-0.0004724526003442038,0.0007324846516964399,operation_enabled,operation_enabled
23.926955249999992,0.0,0.0,0.0,0.0,0.0,0.0,-0.0,0.0,715388,872182,2.475076692284823,2.7817661387360384,132.20047919694753,0.00013371083610751828,0.0003368305020430818,0.0006297416073994428,0.0,operation_enabled,operation_enabled
23.947082516000137,0.0,0.0,0.0,0.0,0.0,0.0,-0.0,0.0,715388,872179,2.475083067828512,2.7817591072972685,132.19794978651876,-0.0001007608523648048,-0.0006433028300320053,-0.00047157453600374805,-0.0021933699349011536,operation_enabled,operation_enabled
23.96717926800011,0.0,0.0,0.0,0.0,0.0,0.0,-0.0,0.0,715387,872178,2.4750873180874993,2.781754419577603,132.19794978651876,-0.00018362031895261937,-0.0003943357599826565,-0.0003148603689808696,0.0,operation_enabled,operation_enabled
23.987305043000106,0.0,0.0,0.0,0.0,0.0,0.0,-0.0,0.0,715388,872181,2.4750788174315614,2.781763794891843,132.19963606013795,0.00013108062825845183,0.0003248649161534778,0.0006288126295786651,0.0014623549525085234,operation_enabled,operation_enabled
24.0074407300001,0.0,0.0,0.0,0.0,0.0,0.0,-0.0,0.0,715388,872177,2.475087317949535,2.7817544194525134,132.19626351289955,-0.0001632376020388117,-0.0009336999425626018,-0.0006285030900639814,-0.0029232701863440994,operation_enabled,operation_enabled
24.027599804000147,0.0,0.0,0.0,0.0,0.0,0.0,-0.0,0.0,715388,872181,2.4750788174315614,2.781763794891843,132.19963606013795,0.00014347601968118698,0.0005605198335270861,0.0006277739493404404,0.0029198788341415834,operation_enabled,operation_enabled
24.047780839000097,0.0,0.0,0.0,0.0,0.0,0.0,-0.0,0.0,715387,872179,2.475085192975251,2.7817567634530724,132.19879292332834,-9.468046488052357e-05,6.010892966133057e-05,-0.0004703181043522143,-0.0007291753555848283,operation_enabled,operation_enabled
24.067919299000096,0.0,0.0,0.0,0.0,0.0,0.0,-0.0,0.0,715388,872181,2.4750788174315614,2.781763794891843,132.19963606013795,0.00012464502697758032,0.00031997337801639215,0.00047131241043472076,0.0007307169154026678,operation_enabled,operation_enabled
24.0880722280001,0.0,0.0,0.0,0.0,0.0,0.0,-0.0,0.0,715389,872179,2.4750809425783005,2.7817614510476467,132.19710664970916,1.5461302204021064e-05,-0.0006533072672968683,-0.00015699134230132508,-0.002190576869320815,operation_enabled,operation_enabled
24.108187553000107,0.0,0.0,0.0,0.0,0.0,0.0,-0.0,0.0,715388,872179,2.4750830676905484,2.781759107172178,132.19794978651876,-5.1431692731070724e-05,-0.00011704204579630342,-0.00015728482512776564,0.0007315573261756542,operation_enabled,operation_enabled
24.128317582000136,0.0,0.0,0.0,0.0,0.0,0.0,-0.0,0.0,715388,872178,2.4750851928027964,2.781756763296709,132.19710664970916,-9.23953613883804e-05,-0.0003549021602155773,-0.00015716993626832695,-0.0007310229593875672,operation_enabled,operation_enabled
24.148449504000155,0.0,0.0,0.0,0.0,0.0,0.0,-0.0,0.0,715388,872179,2.4750830676905484,2.781759107172178,132.19794978651876,4.287667407735504e-06,6.578974712952667e-05,0.00015715515761541299,0.0007309542214670372,operation_enabled,operation_enabled
24.168559748000007,0.0,0.0,0.0,0.0,0.0,0.0,-0.0,0.0,715386,872181,2.4750830676905484,2.781759107172178,132.20132233375713,2.627598260098266e-06,0.0011735610247979675,0.0,0.0029269686379274048,operation_enabled,operation_enabled
24.188689044000057,0.0,0.0,0.0,0.0,0.0,0.0,-0.0,0.0,715389,872181,2.475076692043389,2.7817661385171277,132.19879292332837,0.00018427815100837948,-0.00013069467465446358,0.00047152697863943116,-0.0021931487378578193,operation_enabled,operation_enabled
24.208803762000116,0.0,0.0,0.0,0.0,0.0,0.0,-0.0,0.0,715387,872179,2.475085192699327,2.7817567632028877,132.19879292332837,-0.0001307054271600365,-8.00863242070588e-05,-0.0006291582859883726,0.0,operation_enabled,operation_enabled
24.228962820000106,0.0,0.0,0.0,0.0,0.0,0.0,-0.0,0.0,715387,872180,2.4750830675180975,2.781759107015811,132.19963606013795,-1.9169969140308944e-05,0.00023401184051905508,0.00015694361189970665,0.0007299702879056123,operation_enabled,operation_enabled
24.249075878000212,0.0,0.0,0.0,0.0,0.0,0.0,-0.0,0.0,715387,872179,2.475085192699327,2.7817567632028877,132.19879292332837,-7.265576500524158e-05,-0.00013989447517253668,-0.00015730255314718483,-0.0007316397820799294,operation_enabled,operation_enabled
24.26924038900006,0.0,0.0,0.0,0.0,0.0,0.0,-0.0,0.0,715388,872180,2.475080942371358,2.781761450860008,132.19879292332837,7.721756595409934e-05,-8.564163205828927e-05,0.00031380234066057686,0.0,operation_enabled,operation_enabled
24.289357419999988,0.0,0.0,0.0,0.0,0.0,0.0,-0.0,0.0,715387,872179,2.475085192699327,2.7817567632028877,132.19879292332837,-7.449291263532067e-05,-5.2476645603371026e-05,-0.0003145429735655937,0.0,operation_enabled,operation_enabled
24.309489833000043,0.0,0.0,0.0,0.0,0.0,0.0,-0.0,0.0,715387,872180,2.4750830675180975,2.781759107015811,132.19963606013795,1.5254049890531634e-05,0.0002510445709273812,0.0001571513248315229,0.0007309363945652228,operation_enabled,operation_enabled
24.329609793000145,0.0,0.0,0.0,0.0,0.0,0.0,-0.0,0.0,715388,872180,2.475080942336868,2.7817614508287343,132.19879292332837,7.024678009759399e-05,-0.0001294397247997754,0.00015724859169690788,-0.0007313887985902692,operation_enabled,operation_enabled
24.349735065999994,0.0,0.0,0.0,0.0,0.0,0.0,-0.0,0.0,715389,872182,2.4750745667931784,2.7817684822675046,132.19963606013795,0.00022571929191095508,0.00020392766213906852,0.00047162123590143476,0.0007311957145758677,operation_enabled,operation_enabled
24.369835161000083,0.0,0.0,0.0,0.0,0.0,0.0,-0.0,0.0,715388,872180,2.475080942336868,2.7817614508287343,132.19879292332837,-4.4417288308921704e-05,-0.0001583693947166676,-0.00047221200322687136,-0.0007321116329098781,operation_enabled,operation_enabled
24.389954678000095,0.0,0.0,0.0,0.0,0.0,0.0,-0.0,0.0,715388,872178,2.4750851925958552,2.781756763109069,132.19710664970918,-0.00014901716271089086,-0.0006635562201889316,-0.00031450410812667743,-0.00146280980524036,operation_enabled,operation_enabled
24.410212454000202,0.0,0.0,0.0,0.0,0.0,0.0,-0.0,0.0,715387,872179,2.4750851925958552,2.781756763109069,132.19879292332837,-9.10630851957285e-05,0.0001595233888284605,0.0,0.0014528261515065165,operation_enabled,operation_enabled
24.430342712000083,0.0,0.0,0.0,0.0,0.0,0.0,-0.0,0.0,715386,872180,2.4750851925958552,2.781756763109069,132.20047919694753,-5.578442044924092e-05,0.0006641259816571556,0.0,0.0014620292866833365,operation_enabled,operation_enabled
24.45046931600018,0.0,0.0,0.0,0.0,0.0,0.0,-0.0,0.0,715387,872180,2.4750830673801354,2.781759106890719,132.19963606013795,2.6717214032696285e-05,0.00012364455063022816,0.00015719668231157282,-0.0007311473595887108,operation_enabled,operation_enabled
24.470610447000126,0.0,0.0,0.0,0.0,0.0,0.0,-0.0,0.0,715386,872179,2.4750873177770853,2.781754419296145,132.19963606013795,-0.00010538795520488071,7.572768462665685e-05,-0.00031416660514473174,0.0,operation_enabled,operation_enabled
24.490780691000055,0.0,0.0,0.0,0.0,0.0,0.0,-0.0,0.0,715388,872179,2.475083067449116,2.781759106953265,132.19794978651876,5.7173028362808375e-05,-0.0005196134459966165,0.00031371314844038766,-0.0014591309229785474,operation_enabled,operation_enabled
24.510922131000143,0.0,0.0,0.0,0.0,0.0,0.0,-0.0,0.0,715388,872179,2.475083067449116,2.781759106953265,132.19794978651876,3.5016143433561853e-05,-0.0003182420010982103,0.0,0.0,operation_enabled,operation_enabled
24.53104781700017,0.0,0.0,0.0,0.0,0.0,0.0,-0.0,0.0,715387,872181,2.4750809422678866,2.7817614507661883,132.20047919694753,8.234618303673303e-05,0.0006547105420325989,0.000157203852579716,0.002193542129019293,operation_enabled,operation_enabled
24.551142919000085,0.0,0.0,0.0,0.0,0.0,0.0,-0.0,0.0,715387,872180,2.4750830674836064,2.781759106984538,132.19963606013795,-1.045091116129104e-05,0.00011794784407390124,-0.00015744311101420155,-0.0007322935396009375,operation_enabled,operation_enabled
24.571377143000063,0.0,0.0,0.0,0.0,0.0,0.0,-0.0,0.0,715387,872182,2.4750788170176765,2.7817637945165647,132.2013223337571,0.00011514421269621044,0.0006373818824067528,0.0003127211970192262,0.0014545171954382615,operation_enabled,operation_enabled
24.591486946000032,0.0,0.0,0.0,0.0,0.0,0.0,-0.0,0.0,715387,872179,2.475085192664836,2.781756763171615,132.19879292332834,-0.00011217295346686664,-0.00045933155673350066,-0.0004719840430588652,-0.0021952746188784425,operation_enabled,operation_enabled
24.611621059000072,0.0,0.0,0.0,0.0,0.0,0.0,-0.0,0.0,715388,872180,2.475080942336867,2.781761450828735,132.19879292332834,5.3056660317531585e-05,-0.0002813614733558792,0.0003142761118910812,0.0,operation_enabled,operation_enabled
24.63171688400007,0.0,0.0,0.0,0.0,0.0,0.0,-0.0,0.0,715389,872179,2.475080942336867,2.781761450828735,132.19710664970916,3.252358142188889e-05,-0.0007392527660656078,0.0,-0.0014645343868350624,operation_enabled,operation_enabled
24.651820669000017,0.0,0.0,0.0,0.0,0.0,0.0,-0.0,0.0,715388,872182,2.4750766920088982,2.7817661384858545,132.20047919694753,0.00014177261181897718,0.000680293850235031,0.00031475021992351606,0.0029279090225443356,operation_enabled,operation_enabled
24.671918226000116,0.0,0.0,0.0,0.0,0.0,0.0,-0.0,0.0,715386,872179,2.4750873180874984,2.7817544195776036,132.19963606013795,-0.00021773023579230887,0.00013362423979300971,-0.0007871193934164538,-0.0007322040868990267,operation_enabled,operation_enabled
24.692015567,0.0,0.0,0.0,0.0,0.0,0.0,-0.0,0.0,715388,872180,2.475080942543809,2.781761451016374,132.19879292332834,4.9316769603153924e-05,-0.00020147233298428203,0.00047227671188432166,-0.0007322119564098009,operation_enabled,operation_enabled
24.712116917999992,0.0,0.0,0.0,0.0,0.0,0.0,-0.0,0.0,715387,872180,2.4750830677250386,2.7817591072034507,132.19963606013795,-3.069443539025484e-05,0.0001598705141156498,-0.00015739416594511972,0.0007320658881168359,operation_enabled,operation_enabled
24.732216700000208,0.0,0.0,0.0,0.0,0.0,0.0,-0.0,0.0,715387,872181,2.4750809425093188,2.7817614509851007,132.20047919694753,4.210993069061706e-05,0.00038136060088230395,0.00015740645221824646,0.0007321230335732392,operation_enabled,operation_enabled
24.7523168780001,0.0,0.0,0.0,0.0,0.0,0.0,-0.0,0.0,715387,872179,2.4750851929062687,2.7817567633905274,132.19879292332837,-9.603616383498886e-05,-0.00033297811168467827,-0.0003148067022123818,-0.0014642172195924736,operation_enabled,operation_enabled
24.7724162840002,0.0,0.0,0.0,0.0,0.0,0.0,-0.0,0.0,715388,872180,2.4750809425782996,2.7817614510476476,132.19879292332837,6.298324393784058e-05,-0.00020410055731471142,0.00031481879364977136,0.0,operation_enabled,operation_enabled
24.79251080400013,0.0,0.0,0.0,0.0,0.0,0.0,-0.0,0.0,715388,872179,2.4750830677250386,2.781759107203451,132.19794978651876,-2.2320753034886512e-05,-0.0004085128187183291,-0.0001574476710578415,-0.0007323147491062396,operation_enabled,operation_enabled
24.812601341000118,0.0,0.0,0.0,0.0,0.0,0.0,-0.0,0.0,715389,872181,2.475076692284821,2.78176613873604,132.19879292332837,0.0001691208874287998,3.297565833597241e-05,0.00047243665637451124,0.0007324599323635832,operation_enabled,operation_enabled
24.83270471700007,0.0,0.0,0.0,0.0,0.0,0.0,-0.0,0.0,715389,872180,2.47507881743156,2.7817637948918437,132.19794978651876,4.273566614654945e-05,-0.0002631372438541269,-0.0001573783117333983,-0.0007319921475972014,operation_enabled,operation_enabled
24.852805363000016,0.0,0.0,0.0,0.0,0.0,0.0,-0.0,0.0,715386,872181,2.4750830678285096,2.7817591072972707,132.20132233375713,-9.565175993065625e-05,0.0009721653332403972,-0.00031479937261942744,0.0029283662569249067,operation_enabled,operation_enabled
24.87289055600013,0.0,0.0,0.0,0.0,0.0,0.0,-0.0,0.0,715389,872180,2.47507881743156,2.7817637948918437,132.19794978651876,6.323617350121566e-05,-0.0005377334958149771,0.00031504157067310676,-0.002930619262075412,operation_enabled,operation_enabled
24.893000205000135,0.0,0.0,0.0,0.0,0.0,0.0,-0.0,0.0,715388,872178,2.4750851927683044,2.781756763265437,132.19710664970916,-0.00014398429724721525,-0.0006128554368362132,-0.00047198765751902663,-0.0007317638101070179,operation_enabled,operation_enabled
24.913105948000066,0.0,0.0,0.0,0.0,0.0,0.0,-0.0,0.0,715387,872180,2.4750830676215654,2.7817591071096333,132.19963606013795,-2.7328002892405845e-05,0.00047439923372353317,0.00015735978396943604,0.002195717915852596,operation_enabled,operation_enabled
24.9332296770001,0.0,0.0,0.0,0.0,0.0,0.0,-0.0,0.0,715387,872180,2.4750830676215654,2.7817591071096333,132.19963606013795,-1.6742990606168136e-05,0.00029064919032241877,0.0,0.0,operation_enabled,operation_enabled
24.953335873000015,0.0,0.0,0.0,0.0,0.0,0.0,-0.0,0.0,715388,872179,2.4750830676215654,2.7817591071096333,132.19794978651876,-1.026135604652783e-05,-0.00038853426159945537,0.0,-0.0014637789636807355,operation_enabled,operation_enabled
24.973437070000045,0.0,0.0,0.0,0.0,0.0,0.0,-0.0,0.0,715388,872180,2.4750809424748264,2.7817614509538298,132.19879292332837,5.463290700559662e-05,4.5214421179758677e-05,0.00015739537177856996,0.0007320714966445115,operation_enabled,operation_enabled
24.993558867000047,0.0,0.0,0.0,0.0,0.0,0.0,-0.0,0.0,715386,872179,2.475087318018516,2.7817544195150594,132.19963606013795,-0.00014922177110779413,0.0003109502773688191,-0.0004717027075186997,0.0007313220271607747,operation_enabled,operation_enabled
25.01372089000006,0.0,0.0,0.0,0.0,0.0,0.0,-0.0,0.0,715388,872181,2.475078817224616,2.781763794704207,132.19963606013795,0.00015204860723077817,0.00019036894443536458,0.0006276821279317659,0.0,operation_enabled,operation_enabled
25.033818778000068,0.0,0.0,0.0,0.0,0.0,0.0,-0.0,0.0,715386,872178,2.475089443130765,2.7817520756395897,132.19879292332837,-0.0002114299423334632,-0.0001666872505668402,-0.000787106430041969,-0.0007321920279460176,operation_enabled,operation_enabled
25.053911378000066,0.0,0.0,0.0,0.0,0.0,0.0,-0.0,0.0,715389,872178,2.475083067794021,2.7817591072659953,132.19626351289958,5.318357437382576e-05,-0.0009524064381519988,0.0004723881491217309,-0.002197154181961539,operation_enabled,operation_enabled
25.073998514000095,0.0,0.0,0.0,0.0,0.0,0.0,-0.0,0.0,715386,872179,2.475087318053008,2.781754419546331,132.19963606013795,-8.927104038359236e-05,0.0005498275449191877,-0.0003150110971528779,0.0029303357874686316,operation_enabled,operation_enabled
25.094120836000002,0.0,0.0,0.0,0.0,0.0,0.0,-0.0,0.0,715388,872178,2.475085192906269,2.781756763390527,132.19710664970918,6.2026827699355525e-06,-0.0005128640595755287,0.00015723013353174839,-0.0021939088399778846,operation_enabled,operation_enabled
25.114226974000076,0.0,0.0,0.0,0.0,0.0,0.0,-0.0,0.0,715389,872179,2.4750809427162643,2.7817614511727364,132.19710664970918,0.00012563475685932902,-0.0003143217791591152,0.00031471338503719884,0.0,operation_enabled,operation_enabled
25.134314965000158,0.0,0.0,0.0,0.0,0.0,0.0,-0.0,0.0,715388,872180,2.4750809427162643,2.7817614511727364,132.19879292332837,7.702536808408574e-05,0.00037415707920591864,0.0,0.0014651055321658164,operation_enabled,operation_enabled
25.15443874100015,0.0,0.0,0.0,0.0,0.0,0.0,-0.0,0.0,715386,872179,2.4750873182599538,2.781754419733966,132.19963606013795,-0.00013549695705371924,0.0005124708637874197,-0.0004716563196214531,0.0007312501079402373,operation_enabled,operation_enabled
25.174550187000023,0.0,0.0,0.0,0.0,0.0,0.0,-0.0,0.0,715387,872180,2.475083067863004,2.78175910732854,132.19963606013795,3.878656568628348e-05,0.00031404870319143763,0.000314630322954803,0.0,operation_enabled,operation_enabled
25.19469310500017,0.0,0.0,0.0,0.0,0.0,0.0,-0.0,0.0,715390,872179,2.475078817604017,2.7817637950482044,132.19626351289958,0.00014550157902193974,-0.000940194339255493,0.0003141387335232227,-0.002922220776960211,operation_enabled,operation_enabled
25.214814310000065,0.0,0.0,0.0,0.0,0.0,0.0,-0.0,0.0,715389,872179,2.4750809426817733,2.7817614511414637,132.19710664970918,2.8249504565157688e-05,-0.000292803842923705,-0.00015723886193846356,0.0007313435438998305,operation_enabled,operation_enabled
25.234937446000004,0.0,0.0,0.0,0.0,0.0,0.0,-0.0,0.0,715388,872181,2.4750788175350342,2.7817637949856597,132.19963606013795,7.820447487378156e-05,0.0006703279976480548,0.0001572237734229811,0.002193820094274155,operation_enabled,operation_enabled
25.25504905600019,0.0,0.0,0.0,0.0,0.0,0.0,-0.0,0.0,715386,872180,2.475085193182194,2.7817567636407095,132.20047919694755,-0.00013480612371453713,0.0006940876504971282,-0.0004719416359483343,0.0007316924588346267,operation_enabled,operation_enabled
25.275141290000192,0.0,0.0,0.0,0.0,0.0,0.0,-0.0,0.0,715389,872180,2.4750788176385052,2.7817637950794794,132.1979497865188,0.00010015737993804795,-0.0004247241003399754,0.00047239675414096873,-0.002197194205306831,operation_enabled,operation_enabled
25.29527244200017,0.0,0.0,0.0,0.0,0.0,0.0,-0.0,0.0,715387,872178,2.47508731815648,2.7817544196401487,132.1979497865188,-0.0001821948242805382,-0.00026017765709785627,-0.0006286446746848591,0.0,operation_enabled,operation_enabled
25.315379627000084,0.0,0.0,0.0,0.0,0.0,0.0,-0.0,0.0,715388,872179,2.4750830678974927,2.781759107359814,132.1979497865188,1.0170349383267969e-05,-0.00015945327809758223,0.0003146969976182612,0.0,operation_enabled,operation_enabled
25.335518109000077,0.0,0.0,0.0,0.0,0.0,0.0,-0.0,0.0,715387,872178,2.47508731815648,2.7817544196401487,132.1979497865188,-0.00011552818227942535,-9.766417513772167e-05,-0.0003142079303708425,0.0,operation_enabled,operation_enabled
25.355660755000144,0.0,0.0,0.0,0.0,0.0,0.0,-0.0,0.0,715388,872178,2.475085193044232,2.7817567635156175,132.19710664970918,-9.880795984239452e-06,-0.00034294812649228766,0.00015707148777789802,-0.0007305650594320838,operation_enabled,operation_enabled
25.375784393000004,0.0,0.0,0.0,0.0,0.0,0.0,-0.0,0.0,715390,872181,2.4750745674829915,2.7817684828929616,132.1979497865188,0.0002984269617503724,7.312410286391491e-05,0.0007860992567636862,0.0007312551225708708,operation_enabled,operation_enabled
25.395995642000116,0.0,0.0,0.0,0.0,0.0,0.0,-0.0,0.0,715389,872178,2.4750830678630007,2.781759107328543,132.1962635128996,-6.0645283938397655e-05,-0.0005207964818310697,-0.0006261533614268943,-0.0014561706079695214,operation_enabled,operation_enabled
25.41612302700014,0.0,0.0,0.0,0.0,0.0,0.0,-0.0,0.0,715388,872180,2.4750809427507527,2.7817614512040114,132.1987929233284,2.3738926881571558e-05,0.0005305992337884751,0.0001571905826320932,0.0021933569669594405,operation_enabled,operation_enabled
25.43627193700013,0.0,0.0,0.0,0.0,0.0,0.0,-0.0,0.0,715386,872179,2.475087318294442,2.781754419765241,132.19963606013798,-0.00016806251735503752,0.0006080237242446673,-0.00047106796968409716,0.0007303379374947242,operation_enabled,operation_enabled
25.456411730000127,0.0,0.0,0.0,0.0,0.0,0.0,-0.0,0.0,715387,872178,2.475087318294442,2.781754419765241,132.19794978651882,-0.0001029346858083937,-0.0001938979977668397,0.0,-0.001461337102338628,operation_enabled,operation_enabled
25.47653554900012,0.0,0.0,0.0,0.0,0.0,0.0,-0.0,0.0,715388,872179,2.4750830680354547,2.7817591074849064,132.19794978651882,5.872715302955002e-05,-0.0001187948766046525,0.0003144368745331597,0.0,operation_enabled,operation_enabled
25.496649674000082,0.0,0.0,0.0,0.0,0.0,0.0,-0.0,0.0,715386,872179,2.475087318363424,2.7817544198277866,132.19963606013798,-8.582765730597121e-05,0.0004937840461308712,-0.0003145884173455071,0.0014632019411418933,operation_enabled,operation_enabled
25.516758678000087,0.0,0.0,0.0,0.0,0.0,0.0,-0.0,0.0,715387,872179,2.475085193182194,2.78175676364071,132.1987929233284,8.31452163150229e-06,1.929382215228601e-05,0.00015733426553663675,-0.0007317872815657523,operation_enabled,operation_enabled
25.536884040000132,0.0,0.0,0.0,0.0,0.0,0.0,-0.0,0.0,715389,872180,2.4750788177419767,2.781763795173299,132.1979497865188,0.00018777619005832456,-0.00027140805254755637,0.0004716191502553593,-0.0007311924810160608,operation_enabled,operation_enabled
25.55701544500016,0.0,0.0,0.0,0.0,0.0,0.0,-0.0,0.0,715387,872179,2.475085193182194,2.78175676364071,132.1987929233284,-6.763361176742014e-05,0.00011693700612029677,-0.0004714775806769893,0.0007309729932976576,operation_enabled,operation_enabled
